,fe1ea8ce-193d-42da-8ff8-62d0522abe8c,2c179244-8bf2-4772-8940-97d8cb347fda,202ac868-0e26-4d2e-8712-649eeb8c73d8,67c448b6-1d2c-477c-8a86-20e356d3c3fe,29ccea15-fe1f-4416-aa19-24af34f5513c,5504ff3c-686b-46c5-be4d-abdc7720857a,10c4d62f-60c4-487e-bf0a-9d01a0f3e97e,b19edbeb-0d44-4c12-9a79-007efa81dcbf,cca8a6f1-b61f-4b17-b153-6eee8f2a1403,5c0758f1-971d-4aee-8862-a70c9a5330cf,52647f9e-b0b0-4f6b-b2ab-ff93212a5efc,e91a7e6a-ac4e-4c8d-b83c-ce778f7e240e,0bf6834d-ea67-4304-8a20-23a3b230bf76,c0be8024-ec7d-4660-9e45-4338623a898c,82548928-c387-4af6-8a38-733e9a0d7224,30ed6902-4937-42c6-bc3f-49b433ad7dbd,27101ebb-ba5d-45d9-9077-cdaca18a7485,89fbe591-4dd4-4975-892e-180305fdffc5,75f72d0c-126e-40b2-ba6e-17f2240665d2,746b8255-7b99-4a5e-b641-385af537db10,15f53c31-772d-4c98-86da-bb5f9b5cb3cd,3b72890e-1833-47a5-a62c-ffa15d368e4f,f6daad1c-94e8-46f2-b229-c913435e57dc,794fcbf6-cb65-4e9d-889c-acf2110db7a8,740a6d91-7f20-47be-a48e-7aeb657ade4e,ff6d2613-031f-4af3-8540-1807d18fe31b,8c7e1f14-5cce-44a0-af41-6e41d46c83ee,fa28540b-d238-4398-8cea-0c5280515e09,202da7da-224c-4054-96ef-070d53d31087,6a831ba8-b607-467b-88de-a889beecad0c,604746d6-5f50-4743-bf26-ec4f4f10be2f,c47fa8e5-b0ba-425a-8068-c8153dbfc911,68b92187-69c0-4e73-aa69-0557299f1282,6ec35d03-77ec-4606-921e-bdcc09976d98,697fa9df-3a8f-4e77-a0ee-d3c1bfe358f6,d8985c74-76e9-4456-b552-4aec8739a898,e0d4baf4-20e5-4d88-9561-c3f263e72688,a6865dd6-904e-4966-b18b-4e3888069400,2c3bc4b4-0157-4ae9-98cd-945918743e8d,432b981d-6e9d-41c6-ba40-204249266a5b
7c99195e-ee76-485a-b098-2c87968f2d54,25, 18, 15, 23, 15, 3, 2, 5, 3, 1, 8, 7, 8, 11, 6, 2, 6, 17, 17, 13,25, 18, 15, 23, 15, 3, 2, 5, 3, 1, 8, 7, 8, 11, 6, 2, 6, 17, 17, 13
79badcfe-6a34-43be-b395-24ad149dae92,-10,1000,-30,-100,-5,1000,1000,1000,1000,1000,0,1000,1000,1000,1000,1000,1000,1000,1000,1000,-10,1000,-30,-100,-5,1000,1000,1000,1000,1000,0,1000,1000,1000,1000,1000,1000,1000,1000,1000
f931f04d-1f77-4a1e-9fab-0db3729ac626,-100,-30,1000,-10,1000,1000,1000,1000,1000,1000,0,1000,1000,1000,1000,1000,1000,-5,1000,1000,-100,-30,1000,-10,1000,1000,1000,1000,1000,1000,0,1000,1000,1000,1000,1000,1000,-5,1000,1000
5e6926ea-8270-4ab7-bd14-57a09b9109ba,-10,-100,0,-5,1000,1000,1000,1000,1000,1000,1000,1000,1000,-30,1000,1000,1000,1000,1000,1000,-10,-100,0,-5,1000,1000,1000,1000,1000,1000,1000,1000,1000,-30,1000,1000,1000,1000,1000,1000
0ab5de54-0403-4dc3-ab6d-c3d73633da5d,-100,0,1000,-30,-5,1000,1000,1000,1000,1000,1000,1000,1000,1000,1000,1000,1000,1000,1000,-10,-100,0,1000,-30,-5,1000,1000,1000,1000,1000,1000,1000,1000,1000,1000,1000,1000,1000,1000,-10
91d1992b-9ce2-4d5b-ad7c-1ce3077ce4f7,-30,1000,0,-10,1000,1000,1000,1000,1000,1000,1000,1000,1000,1000,1000,1000,1000,1000,-100,-5,-30,1000,0,-10,1000,1000,1000,1000,1000,1000,1000,1000,1000,1000,1000,1000,1000,1000,-100,-5
22bd4caf-cd96-4103-8627-b0faff3e8d8e,-100,1000,1000,1000,1000,1000,1000,1000,1000,1000,-5,1000,1000,1000,-30,1000,1000,0,1000,-10,-100,1000,1000,1000,1000,1000,1000,1000,1000,1000,-5,1000,1000,1000,-30,1000,1000,0,1000,-10
b183a17d-a3f0-44d9-8b00-9a0e3a69908b,-100,-30,1000,-5,1000,1000,1000,1000,1000,1000,1000,0,1000,1000,1000,1000,1000,1000,1000,-10,-100,-30,1000,-5,1000,1000,1000,1000,1000,1000,1000,0,1000,1000,1000,1000,1000,1000,1000,-10
4c5f8308-4b1b-49af-bee7-2db157708b85,-5,-10,1000,-30,1000,1000,1000,1000,1000,1000,1000,1000,1000,1000,1000,1000,1000,0,-100,1000,-5,-10,1000,-30,1000,1000,1000,1000,1000,1000,1000,1000,1000,1000,1000,1000,1000,0,-100,1000
50813c9b-0126-4351-9288-e747416c28ad,-100,1000,1000,1000,-10,1000,1000,0,1000,1000,1000,1000,1000,1000,1000,1000,1000,1000,-5,-30,-100,1000,1000,1000,-10,1000,1000,0,1000,1000,1000,1000,1000,1000,1000,1000,1000,1000,-5,-30
235ab5a6-20c1-480c-9a36-68c1c7f2ad3d,-100,1000,1000,-30,1000,0,1000,1000,1000,1000,1000,1000,1000,1000,1000,1000,1000,-5,-10,1000,-100,1000,1000,-30,1000,0,1000,1000,1000,1000,1000,1000,1000,1000,1000,1000,1000,-5,-10,1000
fe8b9b57-0389-4595-88f9-d9455fa9bb99,1000,-100,-5,1000,1000,1000,1000,0,1000,1000,1000,1000,1000,-30,1000,1000,1000,-10,1000,1000,1000,-100,-5,1000,1000,1000,1000,0,1000,1000,1000,1000,1000,-30,1000,1000,1000,-10,1000,1000
fe7c2a25-4eed-4dae-9731-02d56c69e412,0,1000,-5,1000,1000,1000,1000,1000,-10,1000,1000,-30,1000,1000,1000,1000,1000,1000,-100,1000,0,1000,-5,1000,1000,1000,1000,1000,-10,1000,1000,-30,1000,1000,1000,1000,1000,1000,-100,1000
6858425d-3c52-4a56-ae0e-06638f14be8f,1000,1000,1000,-100,1000,1000,1000,1000,0,1000,-5,1000,-30,1000,1000,1000,1000,-10,1000,1000,1000,1000,1000,-100,1000,1000,1000,1000,0,1000,-5,1000,-30,1000,1000,1000,1000,-10,1000,1000
6d039316-f762-442f-85cd-90d69d8d6fa3,1000,-100,-5,0,-10,1000,1000,1000,1000,1000,1000,1000,1000,-30,1000,1000,1000,1000,1000,1000,1000,-100,-5,0,-10,1000,1000,1000,1000,1000,1000,1000,1000,-30,1000,1000,1000,1000,1000,1000
c823c84e-2680-4fec-8a30-a46fc4be7792,1000,1000,0,1000,-10,1000,1000,1000,1000,1000,-100,-5,1000,1000,1000,1000,1000,1000,1000,-30,1000,1000,0,1000,-10,1000,1000,1000,1000,1000,-100,-5,1000,1000,1000,1000,1000,1000,1000,-30
2b66778a-0e39-4840-8cc8-ef7071e8bd1f,-100,1000,0,1000,1000,1000,1000,-5,-10,1000,1000,1000,1000,-30,1000,1000,1000,1000,1000,1000,-100,1000,0,1000,1000,1000,1000,-5,-10,1000,1000,1000,1000,-30,1000,1000,1000,1000,1000,1000
e791a9fc-1d62-457b-89b9-96c90a8251b0,0,1000,1000,1000,-5,1000,1000,1000,1000,1000,1000,-10,1000,1000,1000,1000,1000,-100,1000,-30,0,1000,1000,1000,-5,1000,1000,1000,1000,1000,1000,-10,1000,1000,1000,1000,1000,-100,1000,-30
8284cae6-dd10-4161-a950-a59c73adcaf0,-10,1000,1000,1000,-100,1000,1000,1000,1000,1000,1000,1000,1000,-30,1000,1000,0,1000,-5,1000,-10,1000,1000,1000,-100,1000,1000,1000,1000,1000,1000,1000,1000,-30,1000,1000,0,1000,-5,1000
e6abaad4-35e5-4fa8-8824-cb531199cd81,-10,1000,0,1000,1000,-5,1000,1000,1000,1000,1000,1000,1000,1000,1000,1000,-30,-100,1000,1000,-10,1000,0,1000,1000,-5,1000,1000,1000,1000,1000,1000,1000,1000,1000,1000,-30,-100,1000,1000
230f6e8a-9313-4786-9e30-46b6ee1c1c6b,-100,1000,-30,1000,1000,1000,1000,1000,1000,1000,0,-10,1000,1000,1000,1000,1000,1000,1000,-5,-100,1000,-30,1000,1000,1000,1000,1000,1000,1000,0,-10,1000,1000,1000,1000,1000,1000,1000,-5
374d90fe-8381-4011-a69c-0ecd58a184d8,-10,1000,-30,-5,0,1000,1000,1000,1000,1000,1000,1000,1000,1000,1000,1000,-100,1000,1000,1000,-10,1000,-30,-5,0,1000,1000,1000,1000,1000,1000,1000,1000,1000,1000,1000,-100,1000,1000,1000
88b3e86c-1d3f-4a1e-8072-e6389235bea9,-10,1000,1000,-5,1000,1000,1000,1000,1000,1000,1000,-30,1000,1000,0,1000,1000,1000,1000,-100,-10,1000,1000,-5,1000,1000,1000,1000,1000,1000,1000,-30,1000,1000,0,1000,1000,1000,1000,-100
04050559-99c4-42ab-bca9-ccccfa180007,-30,-5,-100,1000,1000,1000,1000,1000,1000,1000,1000,1000,1000,-10,1000,1000,1000,0,1000,1000,-30,-5,-100,1000,1000,1000,1000,1000,1000,1000,1000,1000,1000,-10,1000,1000,1000,0,1000,1000
ca03ad4b-8309-4c55-9fed-f39e2e5b73d8,-30,-5,1000,1000,-10,1000,1000,1000,1000,1000,1000,1000,1000,-100,1000,1000,1000,1000,1000,0,-30,-5,1000,1000,-10,1000,1000,1000,1000,1000,1000,1000,1000,-100,1000,1000,1000,1000,1000,0
f38c0d37-7058-4b4c-9890-66359019e3c7,-30,1000,1000,1000,1000,1000,1000,-5,1000,1000,-10,0,1000,1000,1000,1000,1000,-100,1000,1000,-30,1000,1000,1000,1000,1000,1000,-5,1000,1000,-10,0,1000,1000,1000,1000,1000,-100,1000,1000
06a17871-f229-47e8-8313-f754af9ea0b8,1000,-5,1000,1000,-30,1000,1000,1000,1000,1000,1000,1000,-10,0,1000,1000,1000,1000,-100,1000,1000,-5,1000,1000,-30,1000,1000,1000,1000,1000,1000,1000,-10,0,1000,1000,1000,1000,-100,1000
38fa4e73-143e-4bcd-be73-ff11fb2367fc,0,-30,-10,1000,1000,1000,1000,1000,1000,1000,1000,1000,1000,1000,1000,1000,1000,1000,-100,-5,0,-30,-10,1000,1000,1000,1000,1000,1000,1000,1000,1000,1000,1000,1000,1000,1000,1000,-100,-5
1b301548-d634-4d1a-8a5b-d26f4616e53f,1000,1000,-100,1000,0,1000,1000,1000,1000,1000,1000,1000,1000,1000,-30,1000,-10,1000,-5,1000,1000,1000,-100,1000,0,1000,1000,1000,1000,1000,1000,1000,1000,1000,-30,1000,-10,1000,-5,1000
d5dafd7a-e27e-4ad7-a5ec-ad7c663de220,-100,1000,1000,1000,1000,1000,1000,1000,0,1000,1000,-5,1000,1000,1000,1000,1000,1000,-30,-10,-100,1000,1000,1000,1000,1000,1000,1000,0,1000,1000,-5,1000,1000,1000,1000,1000,1000,-30,-10
b662f855-2918-46bd-86c7-4b7c545f7baf,1000,-30,0,1000,1000,1000,1000,1000,1000,1000,1000,1000,1000,-5,1000,1000,1000,-10,-100,1000,1000,-30,0,1000,1000,1000,1000,1000,1000,1000,1000,1000,1000,-5,1000,1000,1000,-10,-100,1000
b81ee352-7db7-4378-be9b-55c7f44bf524,1000,-30,-100,1000,1000,1000,-5,1000,1000,0,1000,1000,-10,1000,1000,1000,1000,1000,1000,1000,1000,-30,-100,1000,1000,1000,-5,1000,1000,0,1000,1000,-10,1000,1000,1000,1000,1000,1000,1000
b6d22350-fc4e-4a14-b8f7-088d266e25a9,0,1000,1000,-30,1000,1000,1000,1000,1000,1000,-10,1000,1000,1000,1000,1000,1000,-100,1000,-5,0,1000,1000,-30,1000,1000,1000,1000,1000,1000,-10,1000,1000,1000,1000,1000,1000,-100,1000,-5
39460e39-2420-4605-b239-57ef36b31d3c,1000,1000,-10,1000,-100,1000,1000,1000,1000,1000,1000,1000,0,-30,1000,1000,1000,-5,1000,1000,1000,1000,-10,1000,-100,1000,1000,1000,1000,1000,1000,1000,0,-30,1000,1000,1000,-5,1000,1000
ec6b8d2a-676c-48bf-a353-a84776bc6408,-100,1000,1000,0,-30,1000,1000,1000,1000,1000,1000,1000,1000,-5,1000,1000,1000,1000,-10,1000,-100,1000,1000,0,-30,1000,1000,1000,1000,1000,1000,1000,1000,-5,1000,1000,1000,1000,-10,1000
903eebc9-909a-434d-8a41-8268fec727e0,1000,1000,1000,-30,1000,1000,0,1000,1000,1000,1000,-10,1000,1000,-5,1000,1000,1000,-100,1000,1000,1000,1000,-30,1000,1000,0,1000,1000,1000,1000,-10,1000,1000,-5,1000,1000,1000,-100,1000
92bd568e-5478-4d59-9cdd-a26004b5b8c4,1000,-100,1000,1000,1000,1000,1000,1000,1000,1000,1000,1000,1000,-10,1000,1000,1000,-30,1000,1000,1000,-100,1000,1000,1000,1000,1000,1000,1000,1000,1000,1000,1000,-10,1000,1000,1000,-30,1000,1000
8c147468-1cab-4c7f-a990-9a13a60443b2,-100,1000,1000,1000,1000,1000,1000,1000,1000,1000,-5,1000,1000,1000,0,1000,1000,-30,1000,-10,-100,1000,1000,1000,1000,1000,1000,1000,1000,1000,-5,1000,1000,1000,0,1000,1000,-30,1000,-10
f4c8d8be-2412-4f62-a587-5014b9f1e133,-30,1000,1000,-100,-10,1000,1000,1000,0,1000,1000,1000,1000,1000,1000,1000,-5,1000,1000,1000,-30,1000,1000,-100,-10,1000,1000,1000,0,1000,1000,1000,1000,1000,1000,1000,-5,1000,1000,1000
5a296e0d-17ef-49b3-884f-3379e51bf0d4,-30,1000,-5,1000,1000,1000,1000,1000,1000,1000,1000,1000,-10,-100,1000,1000,1000,0,1000,1000,-30,1000,-5,1000,1000,1000,1000,1000,1000,1000,1000,1000,-10,-100,1000,1000,1000,0,1000,1000
b6134f38-4edf-4b8b-9f9a-68243fe7533e,1000,-100,0,-30,1000,1000,1000,1000,1000,1000,1000,1000,1000,1000,-10,1000,1000,1000,1000,-5,1000,-100,0,-30,1000,1000,1000,1000,1000,1000,1000,1000,1000,1000,-10,1000,1000,1000,1000,-5
59ece683-f2c6-4bad-8661-cb53dee574d5,-100,1000,-30,1000,-10,1000,1000,-5,1000,1000,1000,1000,1000,0,1000,1000,1000,1000,1000,1000,-100,1000,-30,1000,-10,1000,1000,-5,1000,1000,1000,1000,1000,0,1000,1000,1000,1000,1000,1000
8eb13d1b-1022-4f57-8cc2-8c50b1d9da19,1000,1000,1000,-100,-5,1000,1000,1000,1000,1000,1000,1000,-30,1000,1000,1000,1000,1000,-10,0,1000,1000,1000,-100,-5,1000,1000,1000,1000,1000,1000,1000,-30,1000,1000,1000,1000,1000,-10,0
30b019af-fe4a-4abf-a8a8-5bcef605ab35,-30,-100,1000,1000,1000,1000,1000,1000,1000,1000,1000,0,1000,-5,1000,1000,1000,-10,1000,1000,-30,-100,1000,1000,1000,1000,1000,1000,1000,1000,1000,0,1000,-5,1000,1000,1000,-10,1000,1000
39af12ea-5801-44b3-8714-4c4439a1bd23,1000,1000,1000,-100,1000,1000,1000,1000,1000,1000,1000,0,-5,1000,1000,1000,-10,1000,-30,1000,1000,1000,1000,-100,1000,1000,1000,1000,1000,1000,1000,0,-5,1000,1000,1000,-10,1000,-30,1000
ae0aeb9a-ab59-4cc6-996a-05e6ed64b374,-100,-10,0,1000,-30,1000,1000,1000,1000,1000,1000,1000,-5,1000,1000,1000,1000,1000,1000,1000,-100,-10,0,1000,-30,1000,1000,1000,1000,1000,1000,1000,-5,1000,1000,1000,1000,1000,1000,1000
25f86b6f-de97-4c67-82c7-8ce42da5ef1f,-10,1000,1000,-100,-5,1000,1000,0,1000,1000,1000,1000,1000,1000,1000,1000,1000,1000,-30,1000,-10,1000,1000,-100,-5,1000,1000,0,1000,1000,1000,1000,1000,1000,1000,1000,1000,1000,-30,1000
e5377dd4-520c-4a55-9620-500d2fd5c071,-100,-10,1000,1000,1000,1000,1000,1000,1000,1000,-5,1000,1000,-30,1000,1000,1000,1000,1000,0,-100,-10,1000,1000,1000,1000,1000,1000,1000,1000,-5,1000,1000,-30,1000,1000,1000,1000,1000,0
9262d887-ade5-4d41-a981-265acd595c67,1000,1000,1000,-100,1000,1000,1000,1000,1000,0,1000,1000,-10,1000,1000,-5,-30,1000,1000,1000,1000,1000,1000,-100,1000,1000,1000,1000,1000,0,1000,1000,-10,1000,1000,-5,-30,1000,1000,1000
09b254e7-9dd6-423d-98a5-ec06b0933db7,1000,1000,1000,1000,0,-30,1000,1000,-5,1000,1000,1000,1000,1000,-10,1000,-100,1000,1000,1000,1000,1000,1000,1000,0,-30,1000,1000,-5,1000,1000,1000,1000,1000,-10,1000,-100,1000,1000,1000
3e915ffa-606b-44d8-a8fd-64e6add3fcf7,1000,1000,1000,1000,-5,1000,1000,1000,1000,1000,-10,-30,1000,1000,1000,1000,1000,1000,0,-100,1000,1000,1000,1000,-5,1000,1000,1000,1000,1000,-10,-30,1000,1000,1000,1000,1000,1000,0,-100
e4aa8531-c3d7-4dfc-95bd-e92320a4b9a0,1000,1000,1000,-100,1000,-30,1000,1000,1000,1000,1000,-10,1000,0,1000,1000,1000,1000,-5,1000,1000,1000,1000,-100,1000,-30,1000,1000,1000,1000,1000,-10,1000,0,1000,1000,1000,1000,-5,1000
0157a60c-48de-4532-a21f-aa055ac77787,-5,-100,1000,-30,0,1000,1000,1000,1000,1000,1000,1000,1000,1000,1000,1000,1000,-10,1000,1000,-5,-100,1000,-30,0,1000,1000,1000,1000,1000,1000,1000,1000,1000,1000,1000,1000,-10,1000,1000
62cdc1fe-f4d3-4cab-b817-594eee0a7d86,-100,-30,1000,1000,1000,1000,1000,1000,1000,1000,-5,1000,1000,1000,1000,1000,1000,1000,0,-10,-100,-30,1000,1000,1000,1000,1000,1000,1000,1000,-5,1000,1000,1000,1000,1000,1000,1000,0,-10
ee1994fd-5570-4137-923d-9849aafaf89e,-10,1000,1000,1000,1000,-5,1000,0,1000,1000,1000,1000,-30,1000,1000,1000,1000,-100,1000,1000,-10,1000,1000,1000,1000,-5,1000,0,1000,1000,1000,1000,-30,1000,1000,1000,1000,-100,1000,1000
fe754d43-c282-4e2e-8114-013a76ce19f9,1000,-5,1000,-30,0,1000,1000,1000,1000,1000,1000,1000,-10,1000,1000,1000,1000,1000,-100,1000,1000,-5,1000,-30,0,1000,1000,1000,1000,1000,1000,1000,-10,1000,1000,1000,1000,1000,-100,1000
accdfa7c-ecc3-4d56-a94a-b0025fb4dc38,-5,1000,1000,0,1000,1000,1000,1000,1000,1000,1000,-10,1000,1000,-100,1000,1000,-30,1000,1000,-5,1000,1000,0,1000,1000,1000,1000,1000,1000,1000,-10,1000,1000,-100,1000,1000,-30,1000,1000
ebe76be6-2f63-4fe1-890c-accc1e81d350,1000,-5,1000,-100,0,1000,1000,1000,1000,1000,1000,1000,-30,1000,-10,1000,1000,1000,1000,1000,1000,-5,1000,-100,0,1000,1000,1000,1000,1000,1000,1000,-30,1000,-10,1000,1000,1000,1000,1000
46fd0314-cada-40cb-8606-94c6359086e6,1000,-30,1000,-100,-5,1000,1000,1000,1000,1000,1000,1000,0,1000,1000,1000,1000,1000,-10,1000,1000,-30,1000,-100,-5,1000,1000,1000,1000,1000,1000,1000,0,1000,1000,1000,1000,1000,-10,1000
7caf5e3e-3398-490b-a64d-30600b35f2d4,1000,1000,1000,-100,0,1000,-10,1000,1000,-5,1000,1000,1000,1000,1000,-30,1000,1000,1000,1000,1000,1000,1000,-100,0,1000,-10,1000,1000,-5,1000,1000,1000,1000,1000,-30,1000,1000,1000,1000
79c083cc-e7c5-4217-ad35-70493549bf12,-30,1000,1000,1000,-10,1000,1000,1000,1000,1000,1000,-5,0,1000,1000,1000,1000,1000,-100,1000,-30,1000,1000,1000,-10,1000,1000,1000,1000,1000,1000,-5,0,1000,1000,1000,1000,1000,-100,1000
87c4b63a-5bc7-4554-95b2-69a154f90d36,1000,-30,1000,-5,1000,1000,1000,1000,1000,1000,1000,1000,-10,1000,0,1000,1000,1000,-100,1000,1000,-30,1000,-5,1000,1000,1000,1000,1000,1000,1000,1000,-10,1000,0,1000,1000,1000,-100,1000
506002fb-557d-4b7e-9e44-7310f9a75d3f,-100,-10,1000,1000,1000,1000,1000,1000,1000,1000,0,1000,1000,1000,-5,1000,-30,1000,1000,1000,-100,-10,1000,1000,1000,1000,1000,1000,1000,1000,0,1000,1000,1000,-5,1000,-30,1000,1000,1000
725e0586-33d3-4abe-8152-6243f46f0148,1000,1000,1000,-30,1000,1000,1000,-5,1000,1000,1000,1000,-10,0,1000,1000,1000,1000,-100,1000,1000,1000,1000,-30,1000,1000,1000,-5,1000,1000,1000,1000,-10,0,1000,1000,1000,1000,-100,1000
6cef5d5c-f710-402c-893f-d25454923680,1000,1000,1000,-10,-30,1000,1000,1000,1000,1000,0,1000,1000,1000,1000,1000,1000,1000,-100,-5,1000,1000,1000,-10,-30,1000,1000,1000,1000,1000,0,1000,1000,1000,1000,1000,1000,1000,-100,-5
04d5e6eb-757d-4961-aa4d-f860723a7dd0,1000,1000,-10,-30,1000,1000,1000,-5,1000,1000,1000,1000,1000,1000,1000,1000,1000,-100,1000,1000,1000,1000,-10,-30,1000,1000,1000,-5,1000,1000,1000,1000,1000,1000,1000,1000,1000,-100,1000,1000
ad8053c3-cfcd-4fb6-8636-58e641eb465b,-5,1000,1000,-10,-100,1000,1000,1000,1000,1000,1000,1000,0,-30,1000,1000,1000,1000,1000,1000,-5,1000,1000,-10,-100,1000,1000,1000,1000,1000,1000,1000,0,-30,1000,1000,1000,1000,1000,1000
e12e9482-5dce-44dd-93b4-ce129773c2c2,1000,0,1000,1000,1000,-30,1000,1000,1000,1000,1000,1000,1000,-10,1000,1000,1000,1000,-100,-5,1000,0,1000,1000,1000,-30,1000,1000,1000,1000,1000,1000,1000,-10,1000,1000,1000,1000,-100,-5
e3de877e-e59d-4439-bcae-0d952f496eda,1000,-5,1000,-100,1000,1000,1000,1000,1000,1000,1000,-30,-10,1000,1000,1000,0,1000,1000,1000,1000,-5,1000,-100,1000,1000,1000,1000,1000,1000,1000,-30,-10,1000,1000,1000,0,1000,1000,1000
9df72df8-3cb2-422d-8184-926636261d74,0,-10,1000,1000,-5,1000,1000,1000,1000,1000,1000,1000,-30,-100,1000,1000,1000,1000,1000,1000,0,-10,1000,1000,-5,1000,1000,1000,1000,1000,1000,1000,-30,-100,1000,1000,1000,1000,1000,1000
bae8203c-b51e-40bd-a22e-59431624e583,1000,1000,1000,1000,1000,1000,1000,-30,-10,1000,1000,1000,1000,1000,1000,1000,1000,0,-5,-100,1000,1000,1000,1000,1000,1000,1000,-30,-10,1000,1000,1000,1000,1000,1000,1000,1000,0,-5,-100
f106ee00-48a5-44dd-937b-d7a2ef44a379,0,-5,-30,-100,1000,1000,1000,1000,1000,1000,1000,1000,1000,-10,1000,1000,1000,1000,1000,1000,0,-5,-30,-100,1000,1000,1000,1000,1000,1000,1000,1000,1000,-10,1000,1000,1000,1000,1000,1000
41ab75e1-c911-4fc8-b10b-323861bb338d,1000,1000,1000,-100,-10,0,1000,1000,1000,1000,1000,1000,1000,1000,-5,1000,1000,1000,-30,1000,1000,1000,1000,-100,-10,0,1000,1000,1000,1000,1000,1000,1000,1000,-5,1000,1000,1000,-30,1000
3e2fc79f-6829-4fce-943c-4e1cb2f01eac,-10,-5,-100,1000,1000,1000,1000,1000,0,1000,-30,1000,1000,1000,1000,1000,1000,1000,1000,1000,-10,-5,-100,1000,1000,1000,1000,1000,0,1000,-30,1000,1000,1000,1000,1000,1000,1000,1000,1000
7a536da1-141f-4e7b-95ea-6ea8dc3d5f8e,1000,1000,1000,-100,1000,1000,1000,1000,1000,1000,1000,-5,0,1000,1000,1000,1000,1000,-10,-30,1000,1000,1000,-100,1000,1000,1000,1000,1000,1000,1000,-5,0,1000,1000,1000,1000,1000,-10,-30
e35810c2-6158-471c-8b55-150414e0b9e9,1000,0,1000,-100,-30,1000,1000,1000,1000,1000,1000,1000,1000,1000,-5,1000,1000,-10,1000,1000,1000,0,1000,-100,-30,1000,1000,1000,1000,1000,1000,1000,1000,1000,-5,1000,1000,-10,1000,1000
d5c1a75c-65fa-4955-bdac-0024d1ae7f8b,-100,1000,-30,-10,1000,1000,1000,1000,1000,1000,1000,1000,1000,-5,1000,1000,1000,1000,1000,0,-100,1000,-30,-10,1000,1000,1000,1000,1000,1000,1000,1000,1000,-5,1000,1000,1000,1000,1000,0
8a1c6d97-3d89-4b19-91ba-f2feaad95eb2,-100,1000,0,-10,1000,1000,1000,1000,1000,1000,1000,1000,-5,1000,1000,1000,1000,-30,1000,1000,-100,1000,0,-10,1000,1000,1000,1000,1000,1000,1000,1000,-5,1000,1000,1000,1000,-30,1000,1000
d7750417-5d70-4a42-ba4d-aab36905e033,-100,1000,1000,1000,1000,1000,1000,-30,1000,1000,-5,0,1000,1000,1000,1000,1000,1000,1000,-10,-100,1000,1000,1000,1000,1000,1000,-30,1000,1000,-5,0,1000,1000,1000,1000,1000,1000,1000,-10
d40c40c9-03f0-4e68-bf34-93d42cfef4d2,1000,1000,1000,-100,1000,1000,1000,1000,1000,1000,-5,1000,1000,1000,-10,1000,0,1000,-30,1000,1000,1000,1000,-100,1000,1000,1000,1000,1000,1000,-5,1000,1000,1000,-10,1000,0,1000,-30,1000
7e0c4113-4ca6-424a-ad94-cd1ea145a3a6,1000,-10,-100,0,-5,1000,1000,1000,1000,1000,1000,1000,1000,1000,1000,1000,1000,1000,1000,1000,1000,-10,-100,0,-5,1000,1000,1000,1000,1000,1000,1000,1000,1000,1000,1000,1000,1000,1000,1000
6b716d11-087c-47af-a68e-b5d7f431d47f,-100,-10,1000,1000,1000,-5,1000,0,1000,1000,1000,1000,1000,1000,1000,1000,1000,-30,1000,1000,-100,-10,1000,1000,1000,-5,1000,0,1000,1000,1000,1000,1000,1000,1000,1000,1000,-30,1000,1000
f3273d8f-3168-45a5-abfd-1d4d3d7fe424,-10,-30,1000,0,1000,1000,1000,1000,1000,1000,1000,1000,1000,1000,1000,1000,1000,-5,-100,1000,-10,-30,1000,0,1000,1000,1000,1000,1000,1000,1000,1000,1000,1000,1000,1000,1000,-5,-100,1000
a754e424-e453-4866-a95c-0fbe7a6ab0a4,-100,1000,1000,1000,0,1000,1000,-5,1000,1000,-10,1000,1000,1000,1000,1000,1000,-30,1000,1000,-100,1000,1000,1000,0,1000,1000,-5,1000,1000,-10,1000,1000,1000,1000,1000,1000,-30,1000,1000
7c35c9a9-f129-40de-8b0b-b2438d8f3cfb,0,1000,-10,1000,1000,1000,1000,1000,1000,1000,1000,1000,1000,1000,1000,1000,1000,-30,-100,-5,0,1000,-10,1000,1000,1000,1000,1000,1000,1000,1000,1000,1000,1000,1000,1000,1000,-30,-100,-5
17cc0c5d-cc0a-44cf-a774-62b5b83e0807,-100,1000,1000,0,1000,1000,1000,1000,1000,-5,1000,1000,1000,1000,1000,-10,1000,-30,1000,1000,-100,1000,1000,0,1000,1000,1000,1000,1000,-5,1000,1000,1000,1000,1000,-10,1000,-30,1000,1000
ae486c48-4973-4d7b-bcde-639174fbb3f0,-5,0,-30,1000,-10,1000,1000,1000,1000,1000,1000,-100,1000,1000,1000,1000,1000,1000,1000,1000,-5,0,-30,1000,-10,1000,1000,1000,1000,1000,1000,-100,1000,1000,1000,1000,1000,1000,1000,1000
582434ec-333c-4739-9131-37c703dd2236,1000,-100,0,-10,1000,1000,1000,1000,1000,1000,1000,-5,1000,1000,1000,1000,1000,-30,1000,1000,1000,-100,0,-10,1000,1000,1000,1000,1000,1000,1000,-5,1000,1000,1000,1000,1000,-30,1000,1000
15eef245-3aae-4894-b15b-fe5977bee9c8,1000,0,-100,-30,1000,1000,1000,1000,1000,1000,1000,1000,1000,1000,-5,1000,1000,1000,-10,1000,1000,0,-100,-30,1000,1000,1000,1000,1000,1000,1000,1000,1000,1000,-5,1000,1000,1000,-10,1000
9b2e33c5-76df-4aed-a28e-f045b9814f05,-100,0,1000,1000,1000,1000,1000,1000,1000,1000,1000,1000,-10,-5,1000,1000,1000,-30,1000,1000,-100,0,1000,1000,1000,1000,1000,1000,1000,1000,1000,1000,-10,-5,1000,1000,1000,-30,1000,1000
92aec3cd-7715-4fcc-8149-7a67870daa18,1000,1000,1000,1000,1000,1000,0,1000,1000,1000,-100,1000,-30,1000,1000,-5,1000,-10,1000,1000,1000,1000,1000,1000,1000,1000,0,1000,1000,1000,-100,1000,-30,1000,1000,-5,1000,-10,1000,1000
e46b7251-481e-44cb-905c-7066c6e6217c,-100,1000,1000,-5,1000,1000,1000,1000,1000,1000,1000,1000,1000,0,1000,1000,1000,-10,-30,1000,-100,1000,1000,-5,1000,1000,1000,1000,1000,1000,1000,1000,1000,0,1000,1000,1000,-10,-30,1000
6a9c4d88-10ce-4fac-8c80-80779d162652,-100,-10,1000,-5,1000,1000,1000,1000,1000,1000,1000,0,1000,1000,1000,1000,1000,-30,1000,1000,-100,-10,1000,-5,1000,1000,1000,1000,1000,1000,1000,0,1000,1000,1000,1000,1000,-30,1000,1000
cfc02b0a-05f2-4c7c-958a-b4d4dddce219,1000,-5,-100,-30,1000,1000,1000,-10,1000,1000,1000,1000,1000,1000,1000,1000,1000,1000,1000,0,1000,-5,-100,-30,1000,1000,1000,-10,1000,1000,1000,1000,1000,1000,1000,1000,1000,1000,1000,0
e0017c8a-d736-4c13-b27e-45f418ebbeec,-30,1000,1000,1000,1000,1000,1000,0,-10,1000,1000,1000,1000,1000,1000,1000,1000,-5,-100,1000,-30,1000,1000,1000,1000,1000,1000,0,-10,1000,1000,1000,1000,1000,1000,1000,1000,-5,-100,1000
9a356951-ccf1-4a04-b2ea-a4faf05af2ea,0,1000,-100,1000,1000,1000,1000,-10,1000,1000,-30,1000,1000,1000,1000,1000,1000,1000,1000,-5,0,1000,-100,1000,1000,1000,1000,-10,1000,1000,-30,1000,1000,1000,1000,1000,1000,1000,1000,-5
43b013e5-914b-439a-8486-ecda10b6130b,1000,1000,1000,-100,1000,1000,1000,-5,1000,1000,-10,0,1000,1000,1000,1000,1000,1000,1000,-30,1000,1000,1000,-100,1000,1000,1000,-5,1000,1000,-10,0,1000,1000,1000,1000,1000,1000,1000,-30
b7fe04ce-1100-41b0-85d0-61fde2f991e0,1000,-100,-10,1000,1000,1000,1000,0,1000,1000,1000,-5,1000,-30,1000,1000,1000,1000,1000,1000,1000,-100,-10,1000,1000,1000,1000,0,1000,1000,1000,-5,1000,-30,1000,1000,1000,1000,1000,1000
85017d63-f87d-445d-9782-454a2bc3f1fc,1000,1000,1000,1000,-100,1000,1000,1000,1000,1000,0,1000,1000,1000,-10,1000,-5,-30,1000,1000,1000,1000,1000,1000,-100,1000,1000,1000,1000,1000,0,1000,1000,1000,-10,1000,-5,-30,1000,1000
c6202d3d-0e3b-4efd-9c6d-fa4637549d67,1000,1000,1000,1000,-10,1000,1000,-5,1000,1000,-30,1000,1000,1000,1000,1000,1000,1000,1000,-100,1000,1000,1000,1000,-10,1000,1000,-5,1000,1000,-30,1000,1000,1000,1000,1000,1000,1000,1000,-100
ada23be4-6f52-4c0d-bdf1-d5219140a7fe,1000,1000,1000,-30,1000,1000,1000,1000,1000,1000,1000,1000,1000,0,1000,-5,-10,1000,-100,1000,1000,1000,1000,-30,1000,1000,1000,1000,1000,1000,1000,1000,1000,0,1000,-5,-10,1000,-100,1000
e510e03e-b322-4b50-8ee6-e20eabb82778,1000,1000,1000,1000,-10,1000,1000,1000,1000,1000,-100,1000,0,-5,1000,1000,1000,1000,1000,-30,1000,1000,1000,1000,-10,1000,1000,1000,1000,1000,-100,1000,0,-5,1000,1000,1000,1000,1000,-30
0a506638-56d1-46ee-beff-22fb05d3bc8d,-100,-5,1000,1000,1000,1000,1000,1000,1000,1000,1000,1000,1000,-30,1000,1000,1000,0,-10,1000,-100,-5,1000,1000,1000,1000,1000,1000,1000,1000,1000,1000,1000,-30,1000,1000,1000,0,-10,1000
b47b2a11-c00e-407b-b7fb-2a9dad670392,1000,1000,-10,-30,-5,1000,1000,1000,1000,1000,0,1000,1000,1000,1000,1000,1000,1000,1000,-100,1000,1000,-10,-30,-5,1000,1000,1000,1000,1000,0,1000,1000,1000,1000,1000,1000,1000,1000,-100
cb525524-403b-4290-9069-32a127938feb,-100,-5,1000,1000,-10,1000,1000,1000,1000,1000,1000,1000,-30,1000,1000,1000,1000,0,1000,1000,-100,-5,1000,1000,-10,1000,1000,1000,1000,1000,1000,1000,-30,1000,1000,1000,1000,0,1000,1000
cf0583cb-bfb9-46de-98ae-57b13548506e,1000,-100,1000,1000,-30,1000,1000,1000,1000,1000,1000,-5,1000,0,1000,1000,1000,-10,1000,1000,1000,-100,1000,1000,-30,1000,1000,1000,1000,1000,1000,-5,1000,0,1000,1000,1000,-10,1000,1000
2771e318-eb1e-4c61-a7ae-0b62fbe24940,-100,0,1000,-10,1000,1000,1000,1000,1000,1000,1000,1000,1000,1000,1000,1000,1000,-5,1000,-30,-100,0,1000,-10,1000,1000,1000,1000,1000,1000,1000,1000,1000,1000,1000,1000,1000,-5,1000,-30
1be3afc5-3f77-439e-b0fc-70ada844084d,1000,1000,-100,1000,0,1000,1000,1000,1000,1000,1000,-30,-10,1000,1000,1000,1000,-5,1000,1000,1000,1000,-100,1000,0,1000,1000,1000,1000,1000,1000,-30,-10,1000,1000,1000,1000,-5,1000,1000
81cab043-c4cf-4ced-a142-2a6ec352b699,0,1000,-100,-30,1000,1000,1000,1000,1000,1000,1000,1000,1000,1000,-10,1000,-5,1000,1000,1000,0,1000,-100,-30,1000,1000,1000,1000,1000,1000,1000,1000,1000,1000,-10,1000,-5,1000,1000,1000
90f68e4a-53a5-4e59-9d93-5e3debcc6894,-30,1000,1000,0,1000,1000,1000,1000,1000,1000,-5,-100,1000,1000,1000,1000,1000,1000,-10,1000,-30,1000,1000,0,1000,1000,1000,1000,1000,1000,-5,-100,1000,1000,1000,1000,1000,1000,-10,1000
a14bb8d9-ad6f-4b53-93bb-bf13cd36d11b,1000,1000,-5,-100,1000,1000,1000,1000,1000,1000,1000,1000,1000,1000,-30,1000,1000,1000,-10,0,1000,1000,-5,-100,1000,1000,1000,1000,1000,1000,1000,1000,1000,1000,-30,1000,1000,1000,-10,0
7f0644c9-0134-4bed-9619-198b449546bf,1000,1000,1000,1000,-10,1000,-5,1000,1000,-100,1000,1000,-30,1000,1000,1000,1000,1000,0,1000,1000,1000,1000,1000,-10,1000,-5,1000,1000,-100,1000,1000,-30,1000,1000,1000,1000,1000,0,1000
d21ce57b-f60a-468c-abca-ad1e9a2dc1c7,1000,1000,1000,-100,1000,1000,1000,1000,1000,1000,0,-30,1000,1000,-10,1000,1000,1000,-5,1000,1000,1000,1000,-100,1000,1000,1000,1000,1000,1000,0,-30,1000,1000,-10,1000,1000,1000,-5,1000
e9cc213a-c48c-46da-ab58-60c9b96f8c18,1000,-30,1000,-10,-100,1000,1000,1000,1000,1000,-5,1000,1000,1000,1000,1000,1000,0,1000,1000,1000,-30,1000,-10,-100,1000,1000,1000,1000,1000,-5,1000,1000,1000,1000,1000,1000,0,1000,1000
55896886-29db-44be-989e-02cfb3d1e902,1000,1000,-30,-100,1000,1000,1000,1000,1000,1000,-5,0,1000,1000,1000,1000,1000,-10,1000,1000,1000,1000,-30,-100,1000,1000,1000,1000,1000,1000,-5,0,1000,1000,1000,1000,1000,-10,1000,1000
bcd06aa6-5000-4317-894b-40818cdcfba5,-100,-30,0,1000,1000,1000,1000,1000,1000,1000,1000,-10,1000,1000,1000,1000,1000,1000,1000,1000,-100,-30,0,1000,1000,1000,1000,1000,1000,1000,1000,-10,1000,1000,1000,1000,1000,1000,1000,1000
3c4abac3-fd74-4fc9-9b7e-9296dae47161,1000,0,1000,-5,1000,1000,1000,1000,1000,1000,-10,1000,1000,1000,1000,1000,-100,1000,1000,-30,1000,0,1000,-5,1000,1000,1000,1000,1000,1000,-10,1000,1000,1000,1000,1000,-100,1000,1000,-30
9e28b868-ef3e-405e-9dab-dfff2d3484ed,1000,-30,0,-5,-10,1000,1000,1000,1000,1000,1000,1000,1000,1000,1000,1000,1000,1000,-100,1000,1000,-30,0,-5,-10,1000,1000,1000,1000,1000,1000,1000,1000,1000,1000,1000,1000,1000,-100,1000
5dcee019-f44c-407e-9e98-2c8c708efb1c,-5,1000,-100,1000,-10,1000,1000,1000,1000,1000,1000,1000,-30,1000,1000,1000,1000,1000,1000,0,-5,1000,-100,1000,-10,1000,1000,1000,1000,1000,1000,1000,-30,1000,1000,1000,1000,1000,1000,0
5de96163-88a9-4a39-a5d4-efd5a3997b1d,0,1000,-10,1000,1000,-30,1000,1000,1000,1000,1000,1000,1000,1000,1000,1000,-100,-5,1000,1000,0,1000,-10,1000,1000,-30,1000,1000,1000,1000,1000,1000,1000,1000,1000,1000,-100,-5,1000,1000
f1994a9a-5c10-4d8d-96ca-227bbf14a9fe,1000,0,-100,1000,1000,1000,1000,1000,1000,1000,1000,-5,-30,1000,1000,1000,1000,1000,-10,1000,1000,0,-100,1000,1000,1000,1000,1000,1000,1000,1000,-5,-30,1000,1000,1000,1000,1000,-10,1000
e1dffe3c-dc23-4527-a13e-0564cbd569e4,-100,1000,1000,1000,-10,1000,1000,1000,1000,1000,1000,0,1000,-30,1000,1000,1000,-5,1000,1000,-100,1000,1000,1000,-10,1000,1000,1000,1000,1000,1000,0,1000,-30,1000,1000,1000,-5,1000,1000
f272472a-87cf-4f77-829d-07774fc5059a,1000,1000,1000,1000,-100,1000,1000,0,1000,1000,1000,1000,-30,-5,1000,1000,1000,-10,1000,1000,1000,1000,1000,1000,-100,1000,1000,0,1000,1000,1000,1000,-30,-5,1000,1000,1000,-10,1000,1000
825a3a33-8ec0-4628-ba49-3f1cfdc2149a,1000,1000,0,1000,-30,1000,1000,1000,1000,1000,1000,1000,1000,1000,1000,1000,1000,-5,-100,-10,1000,1000,0,1000,-30,1000,1000,1000,1000,1000,1000,1000,1000,1000,1000,1000,1000,-5,-100,-10
a6965d83-560d-488b-acd6-04584b8fbcbf,-5,-10,1000,1000,1000,1000,1000,1000,1000,1000,1000,1000,-30,1000,0,1000,1000,-100,1000,1000,-5,-10,1000,1000,1000,1000,1000,1000,1000,1000,1000,1000,-30,1000,0,1000,1000,-100,1000,1000
dc34cf8d-db83-4639-8bcf-cf03a14459d5,1000,1000,-5,-30,1000,1000,1000,1000,1000,1000,0,-100,1000,1000,1000,1000,1000,1000,-10,1000,1000,1000,-5,-30,1000,1000,1000,1000,1000,1000,0,-100,1000,1000,1000,1000,1000,1000,-10,1000
9fa4799f-4491-4748-88de-8d1156523131,-5,1000,1000,-10,0,1000,1000,1000,1000,1000,1000,1000,1000,1000,1000,1000,1000,-100,-30,1000,-5,1000,1000,-10,0,1000,1000,1000,1000,1000,1000,1000,1000,1000,1000,1000,1000,-100,-30,1000
802fd955-3f63-4fc2-bfee-6f8adb3a555f,-5,1000,-100,1000,0,1000,1000,1000,1000,1000,1000,1000,1000,-30,1000,1000,1000,-10,1000,1000,-5,1000,-100,1000,0,1000,1000,1000,1000,1000,1000,1000,1000,-30,1000,1000,1000,-10,1000,1000
667a8a75-80ce-4926-8f42-734b542023bd,-5,0,1000,1000,-100,1000,-10,1000,1000,1000,1000,1000,-30,1000,1000,1000,1000,1000,1000,1000,-5,0,1000,1000,-100,1000,-10,1000,1000,1000,1000,1000,-30,1000,1000,1000,1000,1000,1000,1000
f3a82d16-dadb-4073-9c5f-2fe6a6d756ad,-10,-5,-100,1000,1000,1000,1000,1000,1000,1000,-30,0,1000,1000,1000,1000,1000,1000,1000,1000,-10,-5,-100,1000,1000,1000,1000,1000,1000,1000,-30,0,1000,1000,1000,1000,1000,1000,1000,1000
06727ed7-14e2-4740-85cc-2fe0e080e11f,1000,1000,1000,-100,1000,1000,1000,1000,1000,1000,1000,1000,0,1000,-10,1000,-30,-5,1000,1000,1000,1000,1000,-100,1000,1000,1000,1000,1000,1000,1000,1000,0,1000,-10,1000,-30,-5,1000,1000
c399fc95-ed15-418f-922e-2423c1e801b6,-100,1000,1000,-30,-5,1000,1000,1000,1000,1000,-10,1000,1000,1000,1000,1000,1000,1000,0,1000,-100,1000,1000,-30,-5,1000,1000,1000,1000,1000,-10,1000,1000,1000,1000,1000,1000,1000,0,1000
149ecb3e-4e58-4bfe-afb9-b8abd96f5d70,-10,-5,1000,1000,1000,1000,1000,1000,1000,1000,1000,1000,1000,0,1000,1000,1000,-30,-100,1000,-10,-5,1000,1000,1000,1000,1000,1000,1000,1000,1000,1000,1000,0,1000,1000,1000,-30,-100,1000
2286e392-7067-4786-94e7-ebd4f06d0009,-100,-5,1000,1000,1000,1000,1000,1000,1000,0,1000,1000,1000,1000,1000,1000,1000,-30,1000,-10,-100,-5,1000,1000,1000,1000,1000,1000,1000,0,1000,1000,1000,1000,1000,1000,1000,-30,1000,-10
9e75f63c-90c9-45fc-9122-352c6545f1d5,1000,1000,0,1000,1000,1000,1000,1000,1000,1000,1000,-30,-10,-100,-5,1000,1000,1000,1000,1000,1000,1000,0,1000,1000,1000,1000,1000,1000,1000,1000,-30,-10,-100,-5,1000,1000,1000,1000,1000
a0ccd9f4-87a8-404b-9ca0-12ebe2120112,1000,1000,1000,1000,-100,-10,1000,1000,1000,1000,1000,1000,1000,1000,1000,1000,-30,-5,1000,1000,1000,1000,1000,1000,-100,-10,1000,1000,1000,1000,1000,1000,1000,1000,1000,1000,-30,-5,1000,1000
9354f887-6d4e-49c9-a235-8e7d4a919499,1000,1000,-100,1000,-30,1000,1000,1000,1000,1000,1000,0,-5,1000,1000,1000,1000,1000,1000,-10,1000,1000,-100,1000,-30,1000,1000,1000,1000,1000,1000,0,-5,1000,1000,1000,1000,1000,1000,-10
a7b90c41-c05b-409e-b0c1-eb039aa81828,-100,-5,1000,-30,1000,1000,1000,1000,1000,1000,1000,0,1000,-10,1000,1000,1000,1000,1000,1000,-100,-5,1000,-30,1000,1000,1000,1000,1000,1000,1000,0,1000,-10,1000,1000,1000,1000,1000,1000
71dfe254-66df-428d-9423-44fb8397b1d2,-100,1000,-10,1000,-30,1000,1000,1000,1000,1000,1000,1000,1000,1000,1000,1000,1000,0,-5,1000,-100,1000,-10,1000,-30,1000,1000,1000,1000,1000,1000,1000,1000,1000,1000,1000,1000,0,-5,1000
f78ee5e7-ccc2-4fab-87c1-480cc24466c4,-100,1000,-10,-5,0,1000,1000,1000,1000,1000,1000,1000,1000,1000,1000,1000,1000,1000,-30,1000,-100,1000,-10,-5,0,1000,1000,1000,1000,1000,1000,1000,1000,1000,1000,1000,1000,1000,-30,1000
831fbc4b-7e29-440d-9380-8e9f82dd0c1c,1000,1000,1000,-100,-30,1000,1000,1000,1000,1000,1000,1000,1000,1000,0,1000,1000,-10,-5,1000,1000,1000,1000,-100,-30,1000,1000,1000,1000,1000,1000,1000,1000,1000,0,1000,1000,-10,-5,1000
0497d161-66d6-4fe2-ab21-7ffbd312d0d5,1000,-100,1000,1000,0,1000,1000,1000,1000,1000,-5,-10,1000,1000,1000,1000,1000,1000,1000,-30,1000,-100,1000,1000,0,1000,1000,1000,1000,1000,-5,-10,1000,1000,1000,1000,1000,1000,1000,-30
dbb47e9b-f135-4333-8ad8-3830fd4fbf0b,1000,1000,1000,1000,1000,1000,-30,1000,0,1000,1000,-100,-5,1000,1000,-10,1000,1000,1000,1000,1000,1000,1000,1000,1000,1000,-30,1000,0,1000,1000,-100,-5,1000,1000,-10,1000,1000,1000,1000
aa47e213-0255-4500-9c4c-45ce7b56c763,1000,-10,1000,-30,-100,1000,1000,1000,1000,1000,1000,1000,1000,1000,-5,1000,1000,0,1000,1000,1000,-10,1000,-30,-100,1000,1000,1000,1000,1000,1000,1000,1000,1000,-5,1000,1000,0,1000,1000
e5e59610-c77c-4713-ae1d-6bfd7c868e36,-100,-30,1000,1000,1000,1000,1000,1000,1000,1000,0,1000,1000,-5,1000,1000,1000,-10,1000,1000,-100,-30,1000,1000,1000,1000,1000,1000,1000,1000,0,1000,1000,-5,1000,1000,1000,-10,1000,1000
31cc262c-0123-405c-be2f-b938dc194010,0,1000,-10,1000,1000,1000,1000,-5,1000,1000,1000,-100,-30,1000,1000,1000,1000,1000,1000,1000,0,1000,-10,1000,1000,1000,1000,-5,1000,1000,1000,-100,-30,1000,1000,1000,1000,1000,1000,1000
ee96c09a-a8ee-4126-94d7-08e9e8c960d1,1000,1000,1000,-100,-5,1000,1000,1000,0,1000,-10,1000,1000,1000,1000,1000,-30,1000,1000,1000,1000,1000,1000,-100,-5,1000,1000,1000,0,1000,-10,1000,1000,1000,1000,1000,-30,1000,1000,1000
28441a01-d8f7-469f-80d6-de80c159cf6b,1000,1000,1000,-100,1000,1000,1000,1000,0,1000,1000,1000,1000,1000,1000,1000,1000,-30,-10,-5,1000,1000,1000,-100,1000,1000,1000,1000,0,1000,1000,1000,1000,1000,1000,1000,1000,-30,-10,-5
953182d4-f7ee-40d8-b966-0538a4aaae94,1000,-100,0,-10,1000,1000,1000,1000,1000,1000,1000,1000,1000,1000,1000,1000,1000,-30,1000,-5,1000,-100,0,-10,1000,1000,1000,1000,1000,1000,1000,1000,1000,1000,1000,1000,1000,-30,1000,-5
7d45b4ac-013e-4d6e-9bdb-c3f62679e5c8,1000,-5,-100,-30,1000,1000,1000,0,1000,1000,1000,1000,1000,1000,1000,1000,1000,1000,-10,1000,1000,-5,-100,-30,1000,1000,1000,0,1000,1000,1000,1000,1000,1000,1000,1000,1000,1000,-10,1000
ddd8ad07-ab02-4d08-a569-1298aa0ddeb9,1000,1000,1000,-100,0,1000,1000,1000,1000,1000,1000,1000,1000,-30,1000,1000,1000,-5,-10,1000,1000,1000,1000,-100,0,1000,1000,1000,1000,1000,1000,1000,1000,-30,1000,1000,1000,-5,-10,1000
8e1f67e9-0ede-4765-a3f0-c4b4d6d776d7,-10,-5,-30,1000,1000,1000,1000,0,1000,1000,1000,1000,1000,-100,1000,1000,1000,1000,1000,1000,-10,-5,-30,1000,1000,1000,1000,0,1000,1000,1000,1000,1000,-100,1000,1000,1000,1000,1000,1000
197861a7-0a45-44ce-a09a-1793ddfdb2d0,-30,1000,1000,-5,1000,1000,1000,1000,1000,1000,-10,1000,1000,1000,1000,1000,1000,1000,0,-100,-30,1000,1000,-5,1000,1000,1000,1000,1000,1000,-10,1000,1000,1000,1000,1000,1000,1000,0,-100
c795c00d-324c-4b0e-95e0-e2eb86547f7f,-5,1000,1000,-100,-30,1000,0,1000,1000,1000,-10,1000,1000,1000,1000,1000,1000,1000,1000,1000,-5,1000,1000,-100,-30,1000,0,1000,1000,1000,-10,1000,1000,1000,1000,1000,1000,1000,1000,1000
a410b144-20bd-4b26-a95a-fa51fa4a5b06,-100,-10,1000,1000,-5,1000,1000,1000,1000,1000,1000,1000,0,1000,1000,1000,1000,1000,-30,1000,-100,-10,1000,1000,-5,1000,1000,1000,1000,1000,1000,1000,0,1000,1000,1000,1000,1000,-30,1000
004f4f8f-e9ce-4f10-ace9-92a8cd59cf91,-100,-30,1000,1000,0,1000,1000,1000,1000,1000,1000,1000,1000,1000,1000,1000,1000,-5,-10,1000,-100,-30,1000,1000,0,1000,1000,1000,1000,1000,1000,1000,1000,1000,1000,1000,1000,-5,-10,1000
bc8edf4b-12a1-4e0a-b16c-f27d12eb0481,1000,1000,1000,-100,1000,1000,1000,1000,1000,1000,1000,1000,1000,1000,-5,1000,-10,0,-30,1000,1000,1000,1000,-100,1000,1000,1000,1000,1000,1000,1000,1000,1000,1000,-5,1000,-10,0,-30,1000
5ab242a4-147c-46c2-b9da-77b01e41ab1b,1000,-100,1000,-10,1000,1000,1000,1000,1000,1000,1000,1000,-5,-30,1000,1000,1000,0,1000,1000,1000,-100,1000,-10,1000,1000,1000,1000,1000,1000,1000,1000,-5,-30,1000,1000,1000,0,1000,1000
20cc89f6-8256-4188-b3b5-8ef8376adfdd,-100,-30,-10,-5,1000,1000,1000,1000,1000,1000,1000,1000,1000,1000,1000,1000,1000,1000,0,1000,-100,-30,-10,-5,1000,1000,1000,1000,1000,1000,1000,1000,1000,1000,1000,1000,1000,1000,0,1000
4febbcc4-2fa0-4895-90e6-059eb019c47c,1000,1000,1000,-5,1000,1000,1000,0,-10,1000,-30,1000,1000,1000,1000,1000,1000,1000,1000,-100,1000,1000,1000,-5,1000,1000,1000,0,-10,1000,-30,1000,1000,1000,1000,1000,1000,1000,1000,-100
e6621025-12fc-4bcc-88ae-0b1d26fba606,1000,1000,-10,1000,1000,1000,1000,1000,1000,1000,1000,1000,0,1000,1000,1000,1000,-5,-30,-100,1000,1000,-10,1000,1000,1000,1000,1000,1000,1000,1000,1000,0,1000,1000,1000,1000,-5,-30,-100
1168a187-b305-47d2-b177-d5a619891a62,-100,1000,1000,1000,1000,1000,1000,1000,-5,1000,0,1000,1000,-30,1000,1000,1000,1000,-10,1000,-100,1000,1000,1000,1000,1000,1000,1000,-5,1000,0,1000,1000,-30,1000,1000,1000,1000,-10,1000
bafdea55-9bf0-4fb4-ac21-216e6152392c,-100,-30,1000,1000,-10,1000,1000,1000,1000,1000,1000,1000,1000,-5,0,1000,1000,1000,1000,1000,-100,-30,1000,1000,-10,1000,1000,1000,1000,1000,1000,1000,1000,-5,0,1000,1000,1000,1000,1000
77de3144-1022-4ee0-b9e9-4c225306a095,0,1000,1000,1000,1000,1000,1000,1000,1000,1000,-10,1000,1000,1000,1000,1000,1000,-5,-30,-100,0,1000,1000,1000,1000,1000,1000,1000,1000,1000,-10,1000,1000,1000,1000,1000,1000,-5,-30,-100
5303947e-8f9f-4932-9767-0117791e1eef,1000,-100,1000,1000,1000,1000,1000,-30,1000,1000,1000,1000,1000,1000,-5,1000,1000,1000,0,-10,1000,-100,1000,1000,1000,1000,1000,-30,1000,1000,1000,1000,1000,1000,-5,1000,1000,1000,0,-10
b66f4eed-10fb-4e39-8f07-3c9d428bb42b,-30,1000,1000,-100,1000,1000,-5,1000,1000,1000,1000,1000,1000,1000,1000,0,1000,-10,1000,1000,-30,1000,1000,-100,1000,1000,-5,1000,1000,1000,1000,1000,1000,1000,1000,0,1000,-10,1000,1000
103b6127-2ae8-453c-9b1d-65ce0af5564f,-100,-30,0,1000,1000,1000,1000,1000,1000,1000,-10,1000,1000,1000,1000,1000,1000,1000,1000,-5,-100,-30,0,1000,1000,1000,1000,1000,1000,1000,-10,1000,1000,1000,1000,1000,1000,1000,1000,-5
f91bc573-399e-46c4-bd1a-8687fd8cbcbd,-10,-100,1000,1000,1000,1000,1000,1000,1000,1000,1000,1000,1000,-30,1000,1000,1000,-5,1000,1000,-10,-100,1000,1000,1000,1000,1000,1000,1000,1000,1000,1000,1000,-30,1000,1000,1000,-5,1000,1000
f0e43a39-c5bd-4dfe-8015-cb57ac30f158,1000,0,1000,1000,1000,1000,1000,-5,-10,1000,-30,1000,1000,1000,1000,1000,1000,1000,1000,-100,1000,0,1000,1000,1000,1000,1000,-5,-10,1000,-30,1000,1000,1000,1000,1000,1000,1000,1000,-100
412eab4c-c1fd-4089-9215-90a136c20a8d,-100,-5,1000,0,1000,1000,1000,1000,1000,1000,1000,1000,1000,1000,1000,1000,1000,1000,-10,-30,-100,-5,1000,0,1000,1000,1000,1000,1000,1000,1000,1000,1000,1000,1000,1000,1000,1000,-10,-30
482f3d0d-bbd1-43e1-85ca-6fe8259750f9,1000,1000,1000,-100,-10,1000,1000,1000,1000,1000,1000,1000,1000,-30,1000,1000,1000,0,1000,-5,1000,1000,1000,-100,-10,1000,1000,1000,1000,1000,1000,1000,1000,-30,1000,1000,1000,0,1000,-5
164e7e7d-bd7c-4932-a49b-db27838191b9,0,-100,1000,1000,-5,1000,1000,1000,1000,1000,1000,1000,1000,-30,1000,1000,1000,1000,1000,-10,0,-100,1000,1000,-5,1000,1000,1000,1000,1000,1000,1000,1000,-30,1000,1000,1000,1000,1000,-10
ac7d120c-02af-4d76-9caf-948cb9e09c82,0,1000,-5,-10,1000,1000,1000,1000,1000,1000,1000,1000,1000,1000,1000,1000,1000,1000,-100,-30,0,1000,-5,-10,1000,1000,1000,1000,1000,1000,1000,1000,1000,1000,1000,1000,1000,1000,-100,-30
cd551591-99b3-4318-982d-9391499448e1,-30,-5,1000,1000,1000,1000,1000,1000,1000,1000,1000,1000,1000,0,1000,1000,1000,-10,-100,1000,-30,-5,1000,1000,1000,1000,1000,1000,1000,1000,1000,1000,1000,0,1000,1000,1000,-10,-100,1000
7769200d-265e-45f0-ac64-8e8aa271f32c,-10,1000,1000,-100,-5,1000,1000,-30,1000,1000,1000,1000,1000,1000,1000,1000,1000,1000,1000,0,-10,1000,1000,-100,-5,1000,1000,-30,1000,1000,1000,1000,1000,1000,1000,1000,1000,1000,1000,0
a3d4aa5a-a995-4493-a320-fd50f05de2e9,1000,-100,-30,1000,-5,1000,-10,1000,1000,1000,1000,1000,1000,1000,1000,0,1000,1000,1000,1000,1000,-100,-30,1000,-5,1000,-10,1000,1000,1000,1000,1000,1000,1000,1000,0,1000,1000,1000,1000
ebb86206-5f09-4222-a20b-8dbdd8d7e7f6,0,1000,-30,1000,1000,1000,1000,1000,1000,1000,1000,1000,1000,1000,1000,1000,1000,-100,-10,-5,0,1000,-30,1000,1000,1000,1000,1000,1000,1000,1000,1000,1000,1000,1000,1000,1000,-100,-10,-5
587e0cc1-9a23-4121-992c-abb520ada90f,-100,-5,-30,1000,-10,1000,1000,1000,1000,1000,1000,1000,1000,1000,1000,1000,1000,0,1000,1000,-100,-5,-30,1000,-10,1000,1000,1000,1000,1000,1000,1000,1000,1000,1000,1000,1000,0,1000,1000
5441cbb1-e556-4a7f-bf1e-3667f3c0bc81,1000,1000,-100,1000,1000,1000,1000,1000,0,1000,1000,1000,-10,1000,-30,1000,1000,-5,1000,1000,1000,1000,-100,1000,1000,1000,1000,1000,0,1000,1000,1000,-10,1000,-30,1000,1000,-5,1000,1000
1a252f8d-910a-4214-aee1-278e9590891f,1000,1000,1000,1000,-100,1000,1000,-5,1000,1000,1000,1000,1000,1000,1000,1000,1000,-10,1000,-30,1000,1000,1000,1000,-100,1000,1000,-5,1000,1000,1000,1000,1000,1000,1000,1000,1000,-10,1000,-30
5fef4ae6-e5ce-4017-aff3-0890146c3a8a,1000,-100,1000,1000,-5,1000,1000,-10,1000,1000,1000,1000,1000,1000,1000,1000,1000,0,1000,-30,1000,-100,1000,1000,-5,1000,1000,-10,1000,1000,1000,1000,1000,1000,1000,1000,1000,0,1000,-30
48c87724-f277-4c10-b9f7-c62fd4dbdc02,0,1000,1000,1000,-10,1000,1000,1000,1000,1000,-5,1000,1000,1000,1000,1000,1000,-100,1000,-30,0,1000,1000,1000,-10,1000,1000,1000,1000,1000,-5,1000,1000,1000,1000,1000,1000,-100,1000,-30
f4685f3d-ad14-41a2-903a-cceb1545da25,1000,1000,1000,-5,1000,-30,1000,0,1000,1000,1000,1000,1000,1000,-10,1000,-100,1000,1000,1000,1000,1000,1000,-5,1000,-30,1000,0,1000,1000,1000,1000,1000,1000,-10,1000,-100,1000,1000,1000
83ded730-5ea5-4dcf-9e51-e045adedbecb,-10,1000,1000,-5,0,1000,1000,1000,1000,1000,1000,1000,1000,-30,1000,1000,1000,-100,1000,1000,-10,1000,1000,-5,0,1000,1000,1000,1000,1000,1000,1000,1000,-30,1000,1000,1000,-100,1000,1000
ab377ac9-a04c-40e2-a94b-9fa0ef9459f4,-10,1000,1000,1000,-100,1000,1000,-30,1000,1000,1000,1000,1000,-5,1000,1000,1000,0,1000,1000,-10,1000,1000,1000,-100,1000,1000,-30,1000,1000,1000,1000,1000,-5,1000,1000,1000,0,1000,1000
e220287b-c02e-4b65-b6c4-96496949b0e3,-5,-100,1000,1000,1000,1000,1000,1000,1000,1000,1000,1000,0,-30,1000,1000,1000,-10,1000,1000,-5,-100,1000,1000,1000,1000,1000,1000,1000,1000,1000,1000,0,-30,1000,1000,1000,-10,1000,1000
8255cdaa-8b4c-4869-803e-3086eddc9414,1000,1000,1000,-10,1000,-5,1000,1000,1000,1000,0,1000,1000,1000,-30,1000,-100,1000,1000,1000,1000,1000,1000,-10,1000,-5,1000,1000,1000,1000,0,1000,1000,1000,-30,1000,-100,1000,1000,1000
221b2f21-c956-45df-9f26-27a0636a4f8f,-10,1000,1000,1000,1000,1000,1000,-5,1000,1000,-30,1000,1000,0,1000,1000,1000,-100,1000,1000,-10,1000,1000,1000,1000,1000,1000,-5,1000,1000,-30,1000,1000,0,1000,1000,1000,-100,1000,1000
e9a29e96-812f-4405-a634-072c40ee4879,1000,-5,1000,1000,1000,1000,1000,1000,1000,1000,1000,1000,0,-10,1000,1000,1000,1000,-30,-100,1000,-5,1000,1000,1000,1000,1000,1000,1000,1000,1000,1000,0,-10,1000,1000,1000,1000,-30,-100
73535a0f-2577-40b1-b0c0-ce962d4d4b9b,1000,-30,-5,-100,1000,1000,1000,1000,1000,1000,1000,1000,1000,1000,-10,1000,1000,0,1000,1000,1000,-30,-5,-100,1000,1000,1000,1000,1000,1000,1000,1000,1000,1000,-10,1000,1000,0,1000,1000
fa7225f2-4b25-4788-be0b-8a046a1870dd,1000,1000,-100,1000,1000,1000,-10,1000,1000,1000,1000,1000,1000,1000,1000,-5,1000,-30,1000,0,1000,1000,-100,1000,1000,1000,-10,1000,1000,1000,1000,1000,1000,1000,1000,-5,1000,-30,1000,0
5f3c20cd-a116-4e01-b254-b778374a563d,1000,-5,1000,-30,1000,1000,1000,1000,1000,1000,0,1000,1000,1000,1000,1000,1000,-100,-10,1000,1000,-5,1000,-30,1000,1000,1000,1000,1000,1000,0,1000,1000,1000,1000,1000,1000,-100,-10,1000
8fba551c-867e-40e5-9e5b-685cd258c8bf,1000,-100,1000,1000,-10,1000,0,1000,-5,1000,1000,1000,1000,1000,1000,1000,1000,1000,-30,1000,1000,-100,1000,1000,-10,1000,0,1000,-5,1000,1000,1000,1000,1000,1000,1000,1000,1000,-30,1000
790e67d4-6392-417b-b6b0-82c4b6471e68,1000,1000,1000,-100,-30,1000,1000,1000,-5,1000,-10,1000,0,1000,1000,1000,1000,1000,1000,1000,1000,1000,1000,-100,-30,1000,1000,1000,-5,1000,-10,1000,0,1000,1000,1000,1000,1000,1000,1000
230c39b7-a864-421d-a434-c3fbf108d18c,1000,1000,-100,-10,-5,1000,1000,1000,1000,1000,1000,1000,1000,1000,1000,1000,0,1000,1000,-30,1000,1000,-100,-10,-5,1000,1000,1000,1000,1000,1000,1000,1000,1000,1000,1000,0,1000,1000,-30
3ac7b7d6-228f-443b-b0d4-d135f3eac68b,-10,1000,-30,-100,-5,1000,1000,1000,1000,1000,0,1000,1000,1000,1000,1000,1000,1000,1000,1000,-10,1000,-30,-100,-5,1000,1000,1000,1000,1000,0,1000,1000,1000,1000,1000,1000,1000,1000,1000
c03665cd-f1d8-4686-9862-11f2af04ba81,-100,-30,1000,-10,1000,1000,1000,1000,1000,1000,0,1000,1000,1000,1000,1000,1000,-5,1000,1000,-100,-30,1000,-10,1000,1000,1000,1000,1000,1000,0,1000,1000,1000,1000,1000,1000,-5,1000,1000
5d4fd1c5-f2ba-49a1-a16b-5f6cc81d82b2,-10,-100,0,-5,1000,1000,1000,1000,1000,1000,1000,1000,1000,-30,1000,1000,1000,1000,1000,1000,-10,-100,0,-5,1000,1000,1000,1000,1000,1000,1000,1000,1000,-30,1000,1000,1000,1000,1000,1000
cb697770-5bad-467f-b547-7e254120cf45,-100,0,1000,-30,-5,1000,1000,1000,1000,1000,1000,1000,1000,1000,1000,1000,1000,1000,1000,-10,-100,0,1000,-30,-5,1000,1000,1000,1000,1000,1000,1000,1000,1000,1000,1000,1000,1000,1000,-10
84f3b6e6-8d3a-4883-99c7-e5fa792b3c45,-30,1000,0,-10,1000,1000,1000,1000,1000,1000,1000,1000,1000,1000,1000,1000,1000,1000,-100,-5,-30,1000,0,-10,1000,1000,1000,1000,1000,1000,1000,1000,1000,1000,1000,1000,1000,1000,-100,-5
6ad3a48d-fca2-48c0-a90d-cad49ed6f876,-100,1000,1000,1000,1000,1000,1000,1000,1000,1000,-5,1000,1000,1000,-30,1000,1000,0,1000,-10,-100,1000,1000,1000,1000,1000,1000,1000,1000,1000,-5,1000,1000,1000,-30,1000,1000,0,1000,-10
8817f736-a5e5-478e-9406-37e82f22bb1b,-100,-30,1000,-5,1000,1000,1000,1000,1000,1000,1000,0,1000,1000,1000,1000,1000,1000,1000,-10,-100,-30,1000,-5,1000,1000,1000,1000,1000,1000,1000,0,1000,1000,1000,1000,1000,1000,1000,-10
eefe5ee3-331a-4147-8644-db32cc011f7c,-5,-10,1000,-30,1000,1000,1000,1000,1000,1000,1000,1000,1000,1000,1000,1000,1000,0,-100,1000,-5,-10,1000,-30,1000,1000,1000,1000,1000,1000,1000,1000,1000,1000,1000,1000,1000,0,-100,1000
f1a7c82b-9919-4388-9c78-5ef43fb386ee,-100,1000,1000,1000,-10,1000,1000,0,1000,1000,1000,1000,1000,1000,1000,1000,1000,1000,-5,-30,-100,1000,1000,1000,-10,1000,1000,0,1000,1000,1000,1000,1000,1000,1000,1000,1000,1000,-5,-30
9aa8ed93-a8fe-482b-a39c-9a03c15771e5,-100,1000,1000,-30,1000,0,1000,1000,1000,1000,1000,1000,1000,1000,1000,1000,1000,-5,-10,1000,-100,1000,1000,-30,1000,0,1000,1000,1000,1000,1000,1000,1000,1000,1000,1000,1000,-5,-10,1000
e321204a-b923-400b-87bb-93441f0650e2,1000,-100,-5,1000,1000,1000,1000,0,1000,1000,1000,1000,1000,-30,1000,1000,1000,-10,1000,1000,1000,-100,-5,1000,1000,1000,1000,0,1000,1000,1000,1000,1000,-30,1000,1000,1000,-10,1000,1000
be2295da-7ea1-4d90-8983-5836218b52bf,0,1000,-5,1000,1000,1000,1000,1000,-10,1000,1000,-30,1000,1000,1000,1000,1000,1000,-100,1000,0,1000,-5,1000,1000,1000,1000,1000,-10,1000,1000,-30,1000,1000,1000,1000,1000,1000,-100,1000
385102ed-76fc-4405-91ad-403fdea99aed,1000,1000,1000,-100,1000,1000,1000,1000,0,1000,-5,1000,-30,1000,1000,1000,1000,-10,1000,1000,1000,1000,1000,-100,1000,1000,1000,1000,0,1000,-5,1000,-30,1000,1000,1000,1000,-10,1000,1000
12a2d598-0799-4f41-b23a-bb926fa4645c,1000,-100,-5,0,-10,1000,1000,1000,1000,1000,1000,1000,1000,-30,1000,1000,1000,1000,1000,1000,1000,-100,-5,0,-10,1000,1000,1000,1000,1000,1000,1000,1000,-30,1000,1000,1000,1000,1000,1000
4bc54254-68b9-40a7-9bb1-cc4ed84eb0ac,1000,1000,0,1000,-10,1000,1000,1000,1000,1000,-100,-5,1000,1000,1000,1000,1000,1000,1000,-30,1000,1000,0,1000,-10,1000,1000,1000,1000,1000,-100,-5,1000,1000,1000,1000,1000,1000,1000,-30
eb3effa4-cbf8-4754-b84e-114f846d6d2e,-100,1000,0,1000,1000,1000,1000,-5,-10,1000,1000,1000,1000,-30,1000,1000,1000,1000,1000,1000,-100,1000,0,1000,1000,1000,1000,-5,-10,1000,1000,1000,1000,-30,1000,1000,1000,1000,1000,1000
56eb4789-4e88-4739-8c23-f5daef447866,0,1000,1000,1000,-5,1000,1000,1000,1000,1000,1000,-10,1000,1000,1000,1000,1000,-100,1000,-30,0,1000,1000,1000,-5,1000,1000,1000,1000,1000,1000,-10,1000,1000,1000,1000,1000,-100,1000,-30
ed39c68e-0565-4512-bc02-5141fd9dc949,-10,1000,1000,1000,-100,1000,1000,1000,1000,1000,1000,1000,1000,-30,1000,1000,0,1000,-5,1000,-10,1000,1000,1000,-100,1000,1000,1000,1000,1000,1000,1000,1000,-30,1000,1000,0,1000,-5,1000
c6356f8b-cb4d-47d5-a7e8-251047058d9e,-10,1000,0,1000,1000,-5,1000,1000,1000,1000,1000,1000,1000,1000,1000,1000,-30,-100,1000,1000,-10,1000,0,1000,1000,-5,1000,1000,1000,1000,1000,1000,1000,1000,1000,1000,-30,-100,1000,1000
fc28149c-ab1a-4d39-8aed-317c5b1d30b7,-100,1000,-30,1000,1000,1000,1000,1000,1000,1000,0,-10,1000,1000,1000,1000,1000,1000,1000,-5,-100,1000,-30,1000,1000,1000,1000,1000,1000,1000,0,-10,1000,1000,1000,1000,1000,1000,1000,-5
3a78fedc-f13c-4da7-ab68-5e05d5790dd3,-10,1000,-30,-5,0,1000,1000,1000,1000,1000,1000,1000,1000,1000,1000,1000,-100,1000,1000,1000,-10,1000,-30,-5,0,1000,1000,1000,1000,1000,1000,1000,1000,1000,1000,1000,-100,1000,1000,1000
814d0099-b553-4890-b3af-51ab97c664dc,-10,1000,1000,-5,1000,1000,1000,1000,1000,1000,1000,-30,1000,1000,0,1000,1000,1000,1000,-100,-10,1000,1000,-5,1000,1000,1000,1000,1000,1000,1000,-30,1000,1000,0,1000,1000,1000,1000,-100
7f8ba1e2-4b5d-4b12-83fb-4fa43cdaa1ba,-30,-5,-100,1000,1000,1000,1000,1000,1000,1000,1000,1000,1000,-10,1000,1000,1000,0,1000,1000,-30,-5,-100,1000,1000,1000,1000,1000,1000,1000,1000,1000,1000,-10,1000,1000,1000,0,1000,1000
7e8c52e8-59ad-408a-b0f3-53c0499da7e0,-30,-5,1000,1000,-10,1000,1000,1000,1000,1000,1000,1000,1000,-100,1000,1000,1000,1000,1000,0,-30,-5,1000,1000,-10,1000,1000,1000,1000,1000,1000,1000,1000,-100,1000,1000,1000,1000,1000,0
d3e351ec-c788-4ca5-a784-e29e6edf4625,-30,1000,1000,1000,1000,1000,1000,-5,1000,1000,-10,0,1000,1000,1000,1000,1000,-100,1000,1000,-30,1000,1000,1000,1000,1000,1000,-5,1000,1000,-10,0,1000,1000,1000,1000,1000,-100,1000,1000
b5e84b09-5825-4976-aeb2-8cd24d150a3d,1000,-5,1000,1000,-30,1000,1000,1000,1000,1000,1000,1000,-10,0,1000,1000,1000,1000,-100,1000,1000,-5,1000,1000,-30,1000,1000,1000,1000,1000,1000,1000,-10,0,1000,1000,1000,1000,-100,1000
f5143e4f-755b-4627-9c52-c2669dca698f,0,-30,-10,1000,1000,1000,1000,1000,1000,1000,1000,1000,1000,1000,1000,1000,1000,1000,-100,-5,0,-30,-10,1000,1000,1000,1000,1000,1000,1000,1000,1000,1000,1000,1000,1000,1000,1000,-100,-5
d14ddcb2-d548-4263-8e49-c1d05198fa80,1000,1000,-100,1000,0,1000,1000,1000,1000,1000,1000,1000,1000,1000,-30,1000,-10,1000,-5,1000,1000,1000,-100,1000,0,1000,1000,1000,1000,1000,1000,1000,1000,1000,-30,1000,-10,1000,-5,1000
d6bf3b63-7cea-402d-a466-cd6b127542a8,-100,1000,1000,1000,1000,1000,1000,1000,0,1000,1000,-5,1000,1000,1000,1000,1000,1000,-30,-10,-100,1000,1000,1000,1000,1000,1000,1000,0,1000,1000,-5,1000,1000,1000,1000,1000,1000,-30,-10
02b709e9-11fb-432f-9690-397e9b689174,1000,-30,0,1000,1000,1000,1000,1000,1000,1000,1000,1000,1000,-5,1000,1000,1000,-10,-100,1000,1000,-30,0,1000,1000,1000,1000,1000,1000,1000,1000,1000,1000,-5,1000,1000,1000,-10,-100,1000
c30fbf15-f2be-4317-9c4c-ccc94c108c89,1000,-30,-100,1000,1000,1000,-5,1000,1000,0,1000,1000,-10,1000,1000,1000,1000,1000,1000,1000,1000,-30,-100,1000,1000,1000,-5,1000,1000,0,1000,1000,-10,1000,1000,1000,1000,1000,1000,1000
1305c412-5342-4f09-b8a8-2d69d4670ff9,0,1000,1000,-30,1000,1000,1000,1000,1000,1000,-10,1000,1000,1000,1000,1000,1000,-100,1000,-5,0,1000,1000,-30,1000,1000,1000,1000,1000,1000,-10,1000,1000,1000,1000,1000,1000,-100,1000,-5
ba6b4fe3-a2e3-4419-a604-93110db60b33,1000,1000,-10,1000,-100,1000,1000,1000,1000,1000,1000,1000,0,-30,1000,1000,1000,-5,1000,1000,1000,1000,-10,1000,-100,1000,1000,1000,1000,1000,1000,1000,0,-30,1000,1000,1000,-5,1000,1000
335a32e1-11d7-4850-b970-e6d3537972ea,-100,1000,1000,0,-30,1000,1000,1000,1000,1000,1000,1000,1000,-5,1000,1000,1000,1000,-10,1000,-100,1000,1000,0,-30,1000,1000,1000,1000,1000,1000,1000,1000,-5,1000,1000,1000,1000,-10,1000
a10a30a0-74a9-457b-aeed-f0c6eef6834d,1000,1000,1000,-30,1000,1000,0,1000,1000,1000,1000,-10,1000,1000,-5,1000,1000,1000,-100,1000,1000,1000,1000,-30,1000,1000,0,1000,1000,1000,1000,-10,1000,1000,-5,1000,1000,1000,-100,1000
8349fe78-a398-4174-9419-4c347af15905,1000,-100,1000,1000,1000,1000,1000,1000,1000,1000,1000,1000,1000,-10,1000,1000,1000,-30,1000,1000,1000,-100,1000,1000,1000,1000,1000,1000,1000,1000,1000,1000,1000,-10,1000,1000,1000,-30,1000,1000
e6f62233-4077-4c29-881b-8536111ab023,-100,1000,1000,1000,1000,1000,1000,1000,1000,1000,-5,1000,1000,1000,0,1000,1000,-30,1000,-10,-100,1000,1000,1000,1000,1000,1000,1000,1000,1000,-5,1000,1000,1000,0,1000,1000,-30,1000,-10
c5f42bc1-df95-4766-9731-c61c080fa349,-30,1000,1000,-100,-10,1000,1000,1000,0,1000,1000,1000,1000,1000,1000,1000,-5,1000,1000,1000,-30,1000,1000,-100,-10,1000,1000,1000,0,1000,1000,1000,1000,1000,1000,1000,-5,1000,1000,1000
78b8fe99-13c5-46ee-ac8a-3cd852df4adf,-30,1000,-5,1000,1000,1000,1000,1000,1000,1000,1000,1000,-10,-100,1000,1000,1000,0,1000,1000,-30,1000,-5,1000,1000,1000,1000,1000,1000,1000,1000,1000,-10,-100,1000,1000,1000,0,1000,1000
8e54a78a-5247-4494-9fae-2220358a78e9,1000,-100,0,-30,1000,1000,1000,1000,1000,1000,1000,1000,1000,1000,-10,1000,1000,1000,1000,-5,1000,-100,0,-30,1000,1000,1000,1000,1000,1000,1000,1000,1000,1000,-10,1000,1000,1000,1000,-5
99f566e9-326f-4c0e-a024-24acf119f754,-100,1000,-30,1000,-10,1000,1000,-5,1000,1000,1000,1000,1000,0,1000,1000,1000,1000,1000,1000,-100,1000,-30,1000,-10,1000,1000,-5,1000,1000,1000,1000,1000,0,1000,1000,1000,1000,1000,1000
12a4386a-25e3-4c73-99f4-e723474b225f,1000,1000,1000,-100,-5,1000,1000,1000,1000,1000,1000,1000,-30,1000,1000,1000,1000,1000,-10,0,1000,1000,1000,-100,-5,1000,1000,1000,1000,1000,1000,1000,-30,1000,1000,1000,1000,1000,-10,0
ee40c6cc-6e68-4a87-8d8c-ba84a101ff65,-30,-100,1000,1000,1000,1000,1000,1000,1000,1000,1000,0,1000,-5,1000,1000,1000,-10,1000,1000,-30,-100,1000,1000,1000,1000,1000,1000,1000,1000,1000,0,1000,-5,1000,1000,1000,-10,1000,1000
61ab6436-525f-44e8-9333-103a7e30abed,1000,1000,1000,-100,1000,1000,1000,1000,1000,1000,1000,0,-5,1000,1000,1000,-10,1000,-30,1000,1000,1000,1000,-100,1000,1000,1000,1000,1000,1000,1000,0,-5,1000,1000,1000,-10,1000,-30,1000
529f7d40-d5a3-4458-86fa-187626480162,-100,-10,0,1000,-30,1000,1000,1000,1000,1000,1000,1000,-5,1000,1000,1000,1000,1000,1000,1000,-100,-10,0,1000,-30,1000,1000,1000,1000,1000,1000,1000,-5,1000,1000,1000,1000,1000,1000,1000
94ed1a32-6a42-4a18-8c70-24540c2f2cdd,-10,1000,1000,-100,-5,1000,1000,0,1000,1000,1000,1000,1000,1000,1000,1000,1000,1000,-30,1000,-10,1000,1000,-100,-5,1000,1000,0,1000,1000,1000,1000,1000,1000,1000,1000,1000,1000,-30,1000
87acd757-0770-45bb-aca4-8652bd81fb28,-100,-10,1000,1000,1000,1000,1000,1000,1000,1000,-5,1000,1000,-30,1000,1000,1000,1000,1000,0,-100,-10,1000,1000,1000,1000,1000,1000,1000,1000,-5,1000,1000,-30,1000,1000,1000,1000,1000,0
7d83988b-7c4c-480e-a53e-3b84aeeff683,1000,1000,1000,-100,1000,1000,1000,1000,1000,0,1000,1000,-10,1000,1000,-5,-30,1000,1000,1000,1000,1000,1000,-100,1000,1000,1000,1000,1000,0,1000,1000,-10,1000,1000,-5,-30,1000,1000,1000
edd45ab1-cfec-49d0-87fd-a071a65f59c7,1000,1000,1000,1000,0,-30,1000,1000,-5,1000,1000,1000,1000,1000,-10,1000,-100,1000,1000,1000,1000,1000,1000,1000,0,-30,1000,1000,-5,1000,1000,1000,1000,1000,-10,1000,-100,1000,1000,1000
dbe0c858-79ee-48a5-a5dc-84c54c764139,1000,1000,1000,1000,-5,1000,1000,1000,1000,1000,-10,-30,1000,1000,1000,1000,1000,1000,0,-100,1000,1000,1000,1000,-5,1000,1000,1000,1000,1000,-10,-30,1000,1000,1000,1000,1000,1000,0,-100
87c531e1-d723-472e-8748-0c709944200e,1000,1000,1000,-100,1000,-30,1000,1000,1000,1000,1000,-10,1000,0,1000,1000,1000,1000,-5,1000,1000,1000,1000,-100,1000,-30,1000,1000,1000,1000,1000,-10,1000,0,1000,1000,1000,1000,-5,1000
b99874c6-6226-45f4-8c9c-633aed687561,-5,-100,1000,-30,0,1000,1000,1000,1000,1000,1000,1000,1000,1000,1000,1000,1000,-10,1000,1000,-5,-100,1000,-30,0,1000,1000,1000,1000,1000,1000,1000,1000,1000,1000,1000,1000,-10,1000,1000
9a5e9c99-bd5b-438c-bfb7-683325547c33,-100,-30,1000,1000,1000,1000,1000,1000,1000,1000,-5,1000,1000,1000,1000,1000,1000,1000,0,-10,-100,-30,1000,1000,1000,1000,1000,1000,1000,1000,-5,1000,1000,1000,1000,1000,1000,1000,0,-10
a28c8a9d-75b6-4c7d-80f7-df1b795f588e,-10,1000,1000,1000,1000,-5,1000,0,1000,1000,1000,1000,-30,1000,1000,1000,1000,-100,1000,1000,-10,1000,1000,1000,1000,-5,1000,0,1000,1000,1000,1000,-30,1000,1000,1000,1000,-100,1000,1000
dae7d64f-32f2-4204-a549-d48c23493f00,1000,-5,1000,-30,0,1000,1000,1000,1000,1000,1000,1000,-10,1000,1000,1000,1000,1000,-100,1000,1000,-5,1000,-30,0,1000,1000,1000,1000,1000,1000,1000,-10,1000,1000,1000,1000,1000,-100,1000
6e724464-1b98-47aa-b9e3-6252678a59fd,-5,1000,1000,0,1000,1000,1000,1000,1000,1000,1000,-10,1000,1000,-100,1000,1000,-30,1000,1000,-5,1000,1000,0,1000,1000,1000,1000,1000,1000,1000,-10,1000,1000,-100,1000,1000,-30,1000,1000
993acc9e-5f03-4db5-9fc7-d4f45d877552,1000,-5,1000,-100,0,1000,1000,1000,1000,1000,1000,1000,-30,1000,-10,1000,1000,1000,1000,1000,1000,-5,1000,-100,0,1000,1000,1000,1000,1000,1000,1000,-30,1000,-10,1000,1000,1000,1000,1000
50247bb1-b5ea-4c40-972e-7e1f743d2a6c,1000,-30,1000,-100,-5,1000,1000,1000,1000,1000,1000,1000,0,1000,1000,1000,1000,1000,-10,1000,1000,-30,1000,-100,-5,1000,1000,1000,1000,1000,1000,1000,0,1000,1000,1000,1000,1000,-10,1000
0d5608f2-8c1d-4bb8-9383-9ed2792d3317,1000,1000,1000,-100,0,1000,-10,1000,1000,-5,1000,1000,1000,1000,1000,-30,1000,1000,1000,1000,1000,1000,1000,-100,0,1000,-10,1000,1000,-5,1000,1000,1000,1000,1000,-30,1000,1000,1000,1000
a1000888-4250-42ce-89da-4235b7312507,-30,1000,1000,1000,-10,1000,1000,1000,1000,1000,1000,-5,0,1000,1000,1000,1000,1000,-100,1000,-30,1000,1000,1000,-10,1000,1000,1000,1000,1000,1000,-5,0,1000,1000,1000,1000,1000,-100,1000
46a6f124-f41e-4c21-af3f-3211db84e49b,1000,-30,1000,-5,1000,1000,1000,1000,1000,1000,1000,1000,-10,1000,0,1000,1000,1000,-100,1000,1000,-30,1000,-5,1000,1000,1000,1000,1000,1000,1000,1000,-10,1000,0,1000,1000,1000,-100,1000
78877cc1-7cc8-4848-b232-77562e4539de,-100,-10,1000,1000,1000,1000,1000,1000,1000,1000,0,1000,1000,1000,-5,1000,-30,1000,1000,1000,-100,-10,1000,1000,1000,1000,1000,1000,1000,1000,0,1000,1000,1000,-5,1000,-30,1000,1000,1000
ff9c5fa3-8f7d-4515-8617-985d056a0f65,1000,1000,1000,-30,1000,1000,1000,-5,1000,1000,1000,1000,-10,0,1000,1000,1000,1000,-100,1000,1000,1000,1000,-30,1000,1000,1000,-5,1000,1000,1000,1000,-10,0,1000,1000,1000,1000,-100,1000
6a15116d-619b-4868-a97b-50d2436003fc,1000,1000,1000,-10,-30,1000,1000,1000,1000,1000,0,1000,1000,1000,1000,1000,1000,1000,-100,-5,1000,1000,1000,-10,-30,1000,1000,1000,1000,1000,0,1000,1000,1000,1000,1000,1000,1000,-100,-5
3e029e46-41f5-429c-814e-e3aeef7cc7a7,1000,1000,-10,-30,1000,1000,1000,-5,1000,1000,1000,1000,1000,1000,1000,1000,1000,-100,1000,1000,1000,1000,-10,-30,1000,1000,1000,-5,1000,1000,1000,1000,1000,1000,1000,1000,1000,-100,1000,1000
f4e4cfb8-3f8e-4e28-85ae-1eeae30063d3,-5,1000,1000,-10,-100,1000,1000,1000,1000,1000,1000,1000,0,-30,1000,1000,1000,1000,1000,1000,-5,1000,1000,-10,-100,1000,1000,1000,1000,1000,1000,1000,0,-30,1000,1000,1000,1000,1000,1000
b1f0e5b2-cee3-43d8-be22-d92c692dc070,1000,0,1000,1000,1000,-30,1000,1000,1000,1000,1000,1000,1000,-10,1000,1000,1000,1000,-100,-5,1000,0,1000,1000,1000,-30,1000,1000,1000,1000,1000,1000,1000,-10,1000,1000,1000,1000,-100,-5
38168a28-33c2-4b07-86e3-0db45dce12cc,1000,-5,1000,-100,1000,1000,1000,1000,1000,1000,1000,-30,-10,1000,1000,1000,0,1000,1000,1000,1000,-5,1000,-100,1000,1000,1000,1000,1000,1000,1000,-30,-10,1000,1000,1000,0,1000,1000,1000
0fe4b2dc-faf0-4120-b20a-91f53933417c,0,-10,1000,1000,-5,1000,1000,1000,1000,1000,1000,1000,-30,-100,1000,1000,1000,1000,1000,1000,0,-10,1000,1000,-5,1000,1000,1000,1000,1000,1000,1000,-30,-100,1000,1000,1000,1000,1000,1000
bfdc0ae6-c181-46b2-96f9-7937ff096e79,1000,1000,1000,1000,1000,1000,1000,-30,-10,1000,1000,1000,1000,1000,1000,1000,1000,0,-5,-100,1000,1000,1000,1000,1000,1000,1000,-30,-10,1000,1000,1000,1000,1000,1000,1000,1000,0,-5,-100
fc2b46f2-c313-4c64-9063-afe99dc89860,0,-5,-30,-100,1000,1000,1000,1000,1000,1000,1000,1000,1000,-10,1000,1000,1000,1000,1000,1000,0,-5,-30,-100,1000,1000,1000,1000,1000,1000,1000,1000,1000,-10,1000,1000,1000,1000,1000,1000
a685945d-86ab-44bf-a29f-85b3fc5f56ff,1000,1000,1000,-100,-10,0,1000,1000,1000,1000,1000,1000,1000,1000,-5,1000,1000,1000,-30,1000,1000,1000,1000,-100,-10,0,1000,1000,1000,1000,1000,1000,1000,1000,-5,1000,1000,1000,-30,1000
78ea1082-0ee2-4793-a5fa-cce333bdc769,-10,-5,-100,1000,1000,1000,1000,1000,0,1000,-30,1000,1000,1000,1000,1000,1000,1000,1000,1000,-10,-5,-100,1000,1000,1000,1000,1000,0,1000,-30,1000,1000,1000,1000,1000,1000,1000,1000,1000
8a04414a-d447-4678-acc9-fb1c6f03517e,1000,1000,1000,-100,1000,1000,1000,1000,1000,1000,1000,-5,0,1000,1000,1000,1000,1000,-10,-30,1000,1000,1000,-100,1000,1000,1000,1000,1000,1000,1000,-5,0,1000,1000,1000,1000,1000,-10,-30
c3f77bce-47df-46be-bb6b-13f47cc8ce17,1000,0,1000,-100,-30,1000,1000,1000,1000,1000,1000,1000,1000,1000,-5,1000,1000,-10,1000,1000,1000,0,1000,-100,-30,1000,1000,1000,1000,1000,1000,1000,1000,1000,-5,1000,1000,-10,1000,1000
d6404bea-6db4-417e-8ea0-07eac5d57f29,-100,1000,-30,-10,1000,1000,1000,1000,1000,1000,1000,1000,1000,-5,1000,1000,1000,1000,1000,0,-100,1000,-30,-10,1000,1000,1000,1000,1000,1000,1000,1000,1000,-5,1000,1000,1000,1000,1000,0
d0d9f752-1d2c-4d58-b0c4-3fd0857657f3,-100,1000,0,-10,1000,1000,1000,1000,1000,1000,1000,1000,-5,1000,1000,1000,1000,-30,1000,1000,-100,1000,0,-10,1000,1000,1000,1000,1000,1000,1000,1000,-5,1000,1000,1000,1000,-30,1000,1000
4de5886a-6046-40f9-8b41-2867dda1d37a,-100,1000,1000,1000,1000,1000,1000,-30,1000,1000,-5,0,1000,1000,1000,1000,1000,1000,1000,-10,-100,1000,1000,1000,1000,1000,1000,-30,1000,1000,-5,0,1000,1000,1000,1000,1000,1000,1000,-10
f78daf25-7956-456a-8145-7ea01988988f,1000,1000,1000,-100,1000,1000,1000,1000,1000,1000,-5,1000,1000,1000,-10,1000,0,1000,-30,1000,1000,1000,1000,-100,1000,1000,1000,1000,1000,1000,-5,1000,1000,1000,-10,1000,0,1000,-30,1000
a35ac039-707a-46b8-9167-deb14e853942,1000,-10,-100,0,-5,1000,1000,1000,1000,1000,1000,1000,1000,1000,1000,1000,1000,1000,1000,1000,1000,-10,-100,0,-5,1000,1000,1000,1000,1000,1000,1000,1000,1000,1000,1000,1000,1000,1000,1000
c80c5184-35bc-4468-bae5-6cb2ac780872,-100,-10,1000,1000,1000,-5,1000,0,1000,1000,1000,1000,1000,1000,1000,1000,1000,-30,1000,1000,-100,-10,1000,1000,1000,-5,1000,0,1000,1000,1000,1000,1000,1000,1000,1000,1000,-30,1000,1000
5e999979-ebfc-43b8-8dec-bccf842561c9,-10,-30,1000,0,1000,1000,1000,1000,1000,1000,1000,1000,1000,1000,1000,1000,1000,-5,-100,1000,-10,-30,1000,0,1000,1000,1000,1000,1000,1000,1000,1000,1000,1000,1000,1000,1000,-5,-100,1000
4bcb3af6-c79b-450a-b165-70fc868cc910,-100,1000,1000,1000,0,1000,1000,-5,1000,1000,-10,1000,1000,1000,1000,1000,1000,-30,1000,1000,-100,1000,1000,1000,0,1000,1000,-5,1000,1000,-10,1000,1000,1000,1000,1000,1000,-30,1000,1000
c137def5-1d12-4e66-a678-b0cb2a11f0ff,0,1000,-10,1000,1000,1000,1000,1000,1000,1000,1000,1000,1000,1000,1000,1000,1000,-30,-100,-5,0,1000,-10,1000,1000,1000,1000,1000,1000,1000,1000,1000,1000,1000,1000,1000,1000,-30,-100,-5
1b841b93-9819-4647-ace4-b896e7d6188b,-100,1000,1000,0,1000,1000,1000,1000,1000,-5,1000,1000,1000,1000,1000,-10,1000,-30,1000,1000,-100,1000,1000,0,1000,1000,1000,1000,1000,-5,1000,1000,1000,1000,1000,-10,1000,-30,1000,1000
5e4b5b15-48c2-4511-bb49-fe144ed33f87,-5,0,-30,1000,-10,1000,1000,1000,1000,1000,1000,-100,1000,1000,1000,1000,1000,1000,1000,1000,-5,0,-30,1000,-10,1000,1000,1000,1000,1000,1000,-100,1000,1000,1000,1000,1000,1000,1000,1000
fbe8879d-c047-4465-9bca-0d05c4a01a75,1000,-100,0,-10,1000,1000,1000,1000,1000,1000,1000,-5,1000,1000,1000,1000,1000,-30,1000,1000,1000,-100,0,-10,1000,1000,1000,1000,1000,1000,1000,-5,1000,1000,1000,1000,1000,-30,1000,1000
b07de310-093b-47af-ad37-c420b7fbf824,1000,0,-100,-30,1000,1000,1000,1000,1000,1000,1000,1000,1000,1000,-5,1000,1000,1000,-10,1000,1000,0,-100,-30,1000,1000,1000,1000,1000,1000,1000,1000,1000,1000,-5,1000,1000,1000,-10,1000
02c95979-7e49-4cee-bb7d-501b9dcc17da,-100,0,1000,1000,1000,1000,1000,1000,1000,1000,1000,1000,-10,-5,1000,1000,1000,-30,1000,1000,-100,0,1000,1000,1000,1000,1000,1000,1000,1000,1000,1000,-10,-5,1000,1000,1000,-30,1000,1000
e8497905-44dc-4436-9a23-6042dea1f582,1000,1000,1000,1000,1000,1000,0,1000,1000,1000,-100,1000,-30,1000,1000,-5,1000,-10,1000,1000,1000,1000,1000,1000,1000,1000,0,1000,1000,1000,-100,1000,-30,1000,1000,-5,1000,-10,1000,1000
d54c64cb-0154-489a-8a96-7fbbc583a94b,-100,1000,1000,-5,1000,1000,1000,1000,1000,1000,1000,1000,1000,0,1000,1000,1000,-10,-30,1000,-100,1000,1000,-5,1000,1000,1000,1000,1000,1000,1000,1000,1000,0,1000,1000,1000,-10,-30,1000
ca84809a-d021-42f1-b1b8-ee2607ebbeaa,-100,-10,1000,-5,1000,1000,1000,1000,1000,1000,1000,0,1000,1000,1000,1000,1000,-30,1000,1000,-100,-10,1000,-5,1000,1000,1000,1000,1000,1000,1000,0,1000,1000,1000,1000,1000,-30,1000,1000
8f154010-04da-4da4-a25d-63a7cb74b7ce,1000,-5,-100,-30,1000,1000,1000,-10,1000,1000,1000,1000,1000,1000,1000,1000,1000,1000,1000,0,1000,-5,-100,-30,1000,1000,1000,-10,1000,1000,1000,1000,1000,1000,1000,1000,1000,1000,1000,0
095ef7e6-adae-4363-8741-1be8659bea6e,-30,1000,1000,1000,1000,1000,1000,0,-10,1000,1000,1000,1000,1000,1000,1000,1000,-5,-100,1000,-30,1000,1000,1000,1000,1000,1000,0,-10,1000,1000,1000,1000,1000,1000,1000,1000,-5,-100,1000
83ee53ec-3fab-4057-a746-790880f03527,0,1000,-100,1000,1000,1000,1000,-10,1000,1000,-30,1000,1000,1000,1000,1000,1000,1000,1000,-5,0,1000,-100,1000,1000,1000,1000,-10,1000,1000,-30,1000,1000,1000,1000,1000,1000,1000,1000,-5
920f0452-9e1d-46b4-81d9-ed1e59cd2e65,1000,1000,1000,-100,1000,1000,1000,-5,1000,1000,-10,0,1000,1000,1000,1000,1000,1000,1000,-30,1000,1000,1000,-100,1000,1000,1000,-5,1000,1000,-10,0,1000,1000,1000,1000,1000,1000,1000,-30
d587eefc-112e-4df2-980b-d7c98e48c9ff,1000,-100,-10,1000,1000,1000,1000,0,1000,1000,1000,-5,1000,-30,1000,1000,1000,1000,1000,1000,1000,-100,-10,1000,1000,1000,1000,0,1000,1000,1000,-5,1000,-30,1000,1000,1000,1000,1000,1000
857dc842-5bf2-4ed8-a876-b1b528ad28c0,1000,1000,1000,1000,-100,1000,1000,1000,1000,1000,0,1000,1000,1000,-10,1000,-5,-30,1000,1000,1000,1000,1000,1000,-100,1000,1000,1000,1000,1000,0,1000,1000,1000,-10,1000,-5,-30,1000,1000
818d147a-90d0-4191-8eb5-d1c05dd440e5,1000,1000,1000,1000,-10,1000,1000,-5,1000,1000,-30,1000,1000,1000,1000,1000,1000,1000,1000,-100,1000,1000,1000,1000,-10,1000,1000,-5,1000,1000,-30,1000,1000,1000,1000,1000,1000,1000,1000,-100
592d62af-6629-475b-b2bd-bb1b559b0b13,1000,1000,1000,-30,1000,1000,1000,1000,1000,1000,1000,1000,1000,0,1000,-5,-10,1000,-100,1000,1000,1000,1000,-30,1000,1000,1000,1000,1000,1000,1000,1000,1000,0,1000,-5,-10,1000,-100,1000
c9bf332e-d9b7-41cb-8527-edfdf783af30,1000,1000,1000,1000,-10,1000,1000,1000,1000,1000,-100,1000,0,-5,1000,1000,1000,1000,1000,-30,1000,1000,1000,1000,-10,1000,1000,1000,1000,1000,-100,1000,0,-5,1000,1000,1000,1000,1000,-30
59001ea3-076d-43b3-873c-31e0146691eb,-100,-5,1000,1000,1000,1000,1000,1000,1000,1000,1000,1000,1000,-30,1000,1000,1000,0,-10,1000,-100,-5,1000,1000,1000,1000,1000,1000,1000,1000,1000,1000,1000,-30,1000,1000,1000,0,-10,1000
6ec47528-0b88-41e1-b645-b1d6648d66ed,1000,1000,-10,-30,-5,1000,1000,1000,1000,1000,0,1000,1000,1000,1000,1000,1000,1000,1000,-100,1000,1000,-10,-30,-5,1000,1000,1000,1000,1000,0,1000,1000,1000,1000,1000,1000,1000,1000,-100
05e1803e-9d54-468d-9923-41c8ee22e551,-100,-5,1000,1000,-10,1000,1000,1000,1000,1000,1000,1000,-30,1000,1000,1000,1000,0,1000,1000,-100,-5,1000,1000,-10,1000,1000,1000,1000,1000,1000,1000,-30,1000,1000,1000,1000,0,1000,1000
7c244d8d-7152-4057-a2c6-dbde105ea627,1000,-100,1000,1000,-30,1000,1000,1000,1000,1000,1000,-5,1000,0,1000,1000,1000,-10,1000,1000,1000,-100,1000,1000,-30,1000,1000,1000,1000,1000,1000,-5,1000,0,1000,1000,1000,-10,1000,1000
709314ae-5e9a-4639-9610-d6c1f2dd81a4,-100,0,1000,-10,1000,1000,1000,1000,1000,1000,1000,1000,1000,1000,1000,1000,1000,-5,1000,-30,-100,0,1000,-10,1000,1000,1000,1000,1000,1000,1000,1000,1000,1000,1000,1000,1000,-5,1000,-30
a2a60455-d8cd-4999-b7b8-789bef7c5348,1000,1000,-100,1000,0,1000,1000,1000,1000,1000,1000,-30,-10,1000,1000,1000,1000,-5,1000,1000,1000,1000,-100,1000,0,1000,1000,1000,1000,1000,1000,-30,-10,1000,1000,1000,1000,-5,1000,1000
80fa807f-3994-4873-b760-a95b51f343df,0,1000,-100,-30,1000,1000,1000,1000,1000,1000,1000,1000,1000,1000,-10,1000,-5,1000,1000,1000,0,1000,-100,-30,1000,1000,1000,1000,1000,1000,1000,1000,1000,1000,-10,1000,-5,1000,1000,1000
ed539578-8f64-4688-a3ba-b30525d30a71,-30,1000,1000,0,1000,1000,1000,1000,1000,1000,-5,-100,1000,1000,1000,1000,1000,1000,-10,1000,-30,1000,1000,0,1000,1000,1000,1000,1000,1000,-5,-100,1000,1000,1000,1000,1000,1000,-10,1000
9a23e8de-f6d8-4fc5-a5c3-1ddb70e956ba,1000,1000,-5,-100,1000,1000,1000,1000,1000,1000,1000,1000,1000,1000,-30,1000,1000,1000,-10,0,1000,1000,-5,-100,1000,1000,1000,1000,1000,1000,1000,1000,1000,1000,-30,1000,1000,1000,-10,0
b450a771-152d-42c9-840b-b6894bbc6d6d,1000,1000,1000,1000,-10,1000,-5,1000,1000,-100,1000,1000,-30,1000,1000,1000,1000,1000,0,1000,1000,1000,1000,1000,-10,1000,-5,1000,1000,-100,1000,1000,-30,1000,1000,1000,1000,1000,0,1000
5accfa66-000d-4cac-beab-84f7e3bf1152,1000,1000,1000,-100,1000,1000,1000,1000,1000,1000,0,-30,1000,1000,-10,1000,1000,1000,-5,1000,1000,1000,1000,-100,1000,1000,1000,1000,1000,1000,0,-30,1000,1000,-10,1000,1000,1000,-5,1000
aa769a23-602b-4aec-9f21-e159d7ef80b7,1000,-30,1000,-10,-100,1000,1000,1000,1000,1000,-5,1000,1000,1000,1000,1000,1000,0,1000,1000,1000,-30,1000,-10,-100,1000,1000,1000,1000,1000,-5,1000,1000,1000,1000,1000,1000,0,1000,1000
65074a73-5c63-4362-bb6b-b7982b63d8af,1000,1000,-30,-100,1000,1000,1000,1000,1000,1000,-5,0,1000,1000,1000,1000,1000,-10,1000,1000,1000,1000,-30,-100,1000,1000,1000,1000,1000,1000,-5,0,1000,1000,1000,1000,1000,-10,1000,1000
f9a87f8c-01b5-4081-b4c3-495aa0d9fe5a,-100,-30,0,1000,1000,1000,1000,1000,1000,1000,1000,-10,1000,1000,1000,1000,1000,1000,1000,1000,-100,-30,0,1000,1000,1000,1000,1000,1000,1000,1000,-10,1000,1000,1000,1000,1000,1000,1000,1000
b86d8b7d-7b23-4fc8-892d-7efd92455f48,1000,0,1000,-5,1000,1000,1000,1000,1000,1000,-10,1000,1000,1000,1000,1000,-100,1000,1000,-30,1000,0,1000,-5,1000,1000,1000,1000,1000,1000,-10,1000,1000,1000,1000,1000,-100,1000,1000,-30
deb85c36-d21b-4514-8c74-952569dd1264,1000,-30,0,-5,-10,1000,1000,1000,1000,1000,1000,1000,1000,1000,1000,1000,1000,1000,-100,1000,1000,-30,0,-5,-10,1000,1000,1000,1000,1000,1000,1000,1000,1000,1000,1000,1000,1000,-100,1000
36beb506-4998-4c1e-8b82-9886526488ed,-5,1000,-100,1000,-10,1000,1000,1000,1000,1000,1000,1000,-30,1000,1000,1000,1000,1000,1000,0,-5,1000,-100,1000,-10,1000,1000,1000,1000,1000,1000,1000,-30,1000,1000,1000,1000,1000,1000,0
62538c8e-071b-49a0-b121-354875022969,0,1000,-10,1000,1000,-30,1000,1000,1000,1000,1000,1000,1000,1000,1000,1000,-100,-5,1000,1000,0,1000,-10,1000,1000,-30,1000,1000,1000,1000,1000,1000,1000,1000,1000,1000,-100,-5,1000,1000
a56a2919-b5db-42e3-9276-b920d9f2bd88,1000,0,-100,1000,1000,1000,1000,1000,1000,1000,1000,-5,-30,1000,1000,1000,1000,1000,-10,1000,1000,0,-100,1000,1000,1000,1000,1000,1000,1000,1000,-5,-30,1000,1000,1000,1000,1000,-10,1000
ce08d39f-3f64-4b2d-a87f-c081a94b128a,-100,1000,1000,1000,-10,1000,1000,1000,1000,1000,1000,0,1000,-30,1000,1000,1000,-5,1000,1000,-100,1000,1000,1000,-10,1000,1000,1000,1000,1000,1000,0,1000,-30,1000,1000,1000,-5,1000,1000
2f1091d8-d568-4efb-8957-150bd85d7670,1000,1000,1000,1000,-100,1000,1000,0,1000,1000,1000,1000,-30,-5,1000,1000,1000,-10,1000,1000,1000,1000,1000,1000,-100,1000,1000,0,1000,1000,1000,1000,-30,-5,1000,1000,1000,-10,1000,1000
d04dc354-37a7-43f1-9792-5eff4ba62881,1000,1000,0,1000,-30,1000,1000,1000,1000,1000,1000,1000,1000,1000,1000,1000,1000,-5,-100,-10,1000,1000,0,1000,-30,1000,1000,1000,1000,1000,1000,1000,1000,1000,1000,1000,1000,-5,-100,-10
3257fbcc-a558-4e3d-981e-7a8657fe4040,-5,-10,1000,1000,1000,1000,1000,1000,1000,1000,1000,1000,-30,1000,0,1000,1000,-100,1000,1000,-5,-10,1000,1000,1000,1000,1000,1000,1000,1000,1000,1000,-30,1000,0,1000,1000,-100,1000,1000
714e2363-b831-485d-9e54-e643138a288d,1000,1000,-5,-30,1000,1000,1000,1000,1000,1000,0,-100,1000,1000,1000,1000,1000,1000,-10,1000,1000,1000,-5,-30,1000,1000,1000,1000,1000,1000,0,-100,1000,1000,1000,1000,1000,1000,-10,1000
5f084338-4531-4ed0-9f9c-829980c2e591,-5,1000,1000,-10,0,1000,1000,1000,1000,1000,1000,1000,1000,1000,1000,1000,1000,-100,-30,1000,-5,1000,1000,-10,0,1000,1000,1000,1000,1000,1000,1000,1000,1000,1000,1000,1000,-100,-30,1000
9df5990d-1e95-4225-94e1-c786380a216a,-5,1000,-100,1000,0,1000,1000,1000,1000,1000,1000,1000,1000,-30,1000,1000,1000,-10,1000,1000,-5,1000,-100,1000,0,1000,1000,1000,1000,1000,1000,1000,1000,-30,1000,1000,1000,-10,1000,1000
86a511a2-1931-45af-bc66-9539cbdc3ebb,-5,0,1000,1000,-100,1000,-10,1000,1000,1000,1000,1000,-30,1000,1000,1000,1000,1000,1000,1000,-5,0,1000,1000,-100,1000,-10,1000,1000,1000,1000,1000,-30,1000,1000,1000,1000,1000,1000,1000
7480f031-c1da-4152-acc8-05e69ccc27ed,-10,-5,-100,1000,1000,1000,1000,1000,1000,1000,-30,0,1000,1000,1000,1000,1000,1000,1000,1000,-10,-5,-100,1000,1000,1000,1000,1000,1000,1000,-30,0,1000,1000,1000,1000,1000,1000,1000,1000
83653e8a-6fb8-480a-a107-8f1f3a4d3e54,1000,1000,1000,-100,1000,1000,1000,1000,1000,1000,1000,1000,0,1000,-10,1000,-30,-5,1000,1000,1000,1000,1000,-100,1000,1000,1000,1000,1000,1000,1000,1000,0,1000,-10,1000,-30,-5,1000,1000
4da266f1-5fa4-4bf6-90b6-b03a3987c795,-100,1000,1000,-30,-5,1000,1000,1000,1000,1000,-10,1000,1000,1000,1000,1000,1000,1000,0,1000,-100,1000,1000,-30,-5,1000,1000,1000,1000,1000,-10,1000,1000,1000,1000,1000,1000,1000,0,1000
cab3fe6e-09c6-411e-bccb-907d98cef011,-10,-5,1000,1000,1000,1000,1000,1000,1000,1000,1000,1000,1000,0,1000,1000,1000,-30,-100,1000,-10,-5,1000,1000,1000,1000,1000,1000,1000,1000,1000,1000,1000,0,1000,1000,1000,-30,-100,1000
3e680503-1015-4601-8626-0942a875f056,-100,-5,1000,1000,1000,1000,1000,1000,1000,0,1000,1000,1000,1000,1000,1000,1000,-30,1000,-10,-100,-5,1000,1000,1000,1000,1000,1000,1000,0,1000,1000,1000,1000,1000,1000,1000,-30,1000,-10
31fafb4a-769a-4a6e-8740-5fab4b4c2b6a,1000,1000,0,1000,1000,1000,1000,1000,1000,1000,1000,-30,-10,-100,-5,1000,1000,1000,1000,1000,1000,1000,0,1000,1000,1000,1000,1000,1000,1000,1000,-30,-10,-100,-5,1000,1000,1000,1000,1000
ed665a2e-8ab9-4c12-b105-256adf5d0436,1000,1000,1000,1000,-100,-10,1000,1000,1000,1000,1000,1000,1000,1000,1000,1000,-30,-5,1000,1000,1000,1000,1000,1000,-100,-10,1000,1000,1000,1000,1000,1000,1000,1000,1000,1000,-30,-5,1000,1000
f2bba6da-8521-48c7-917d-b8a3f412f2d2,1000,1000,-100,1000,-30,1000,1000,1000,1000,1000,1000,0,-5,1000,1000,1000,1000,1000,1000,-10,1000,1000,-100,1000,-30,1000,1000,1000,1000,1000,1000,0,-5,1000,1000,1000,1000,1000,1000,-10
d0f8fa66-17fe-4ee2-a80b-1875dffe12b1,-100,-5,1000,-30,1000,1000,1000,1000,1000,1000,1000,0,1000,-10,1000,1000,1000,1000,1000,1000,-100,-5,1000,-30,1000,1000,1000,1000,1000,1000,1000,0,1000,-10,1000,1000,1000,1000,1000,1000
71609b23-9c51-492d-9330-91f6de519ace,-100,1000,-10,1000,-30,1000,1000,1000,1000,1000,1000,1000,1000,1000,1000,1000,1000,0,-5,1000,-100,1000,-10,1000,-30,1000,1000,1000,1000,1000,1000,1000,1000,1000,1000,1000,1000,0,-5,1000
752eaedf-dc6b-4c69-a81b-0015fe1cd40d,-100,1000,-10,-5,0,1000,1000,1000,1000,1000,1000,1000,1000,1000,1000,1000,1000,1000,-30,1000,-100,1000,-10,-5,0,1000,1000,1000,1000,1000,1000,1000,1000,1000,1000,1000,1000,1000,-30,1000
f8567213-77c5-414c-a9c7-73733989b4a8,1000,1000,1000,-100,-30,1000,1000,1000,1000,1000,1000,1000,1000,1000,0,1000,1000,-10,-5,1000,1000,1000,1000,-100,-30,1000,1000,1000,1000,1000,1000,1000,1000,1000,0,1000,1000,-10,-5,1000
dde84d8f-d759-408a-959b-83894abcfb16,1000,-100,1000,1000,0,1000,1000,1000,1000,1000,-5,-10,1000,1000,1000,1000,1000,1000,1000,-30,1000,-100,1000,1000,0,1000,1000,1000,1000,1000,-5,-10,1000,1000,1000,1000,1000,1000,1000,-30
7516d3cf-51af-40e0-9bbd-6d7713e4bc5b,1000,1000,1000,1000,1000,1000,-30,1000,0,1000,1000,-100,-5,1000,1000,-10,1000,1000,1000,1000,1000,1000,1000,1000,1000,1000,-30,1000,0,1000,1000,-100,-5,1000,1000,-10,1000,1000,1000,1000
6b4922b6-9b36-4c48-ac00-37adc3667370,1000,-10,1000,-30,-100,1000,1000,1000,1000,1000,1000,1000,1000,1000,-5,1000,1000,0,1000,1000,1000,-10,1000,-30,-100,1000,1000,1000,1000,1000,1000,1000,1000,1000,-5,1000,1000,0,1000,1000
df70011d-1120-4256-bda2-540995bf428b,-100,-30,1000,1000,1000,1000,1000,1000,1000,1000,0,1000,1000,-5,1000,1000,1000,-10,1000,1000,-100,-30,1000,1000,1000,1000,1000,1000,1000,1000,0,1000,1000,-5,1000,1000,1000,-10,1000,1000
9471369e-f164-45fe-affb-225d08644a02,0,1000,-10,1000,1000,1000,1000,-5,1000,1000,1000,-100,-30,1000,1000,1000,1000,1000,1000,1000,0,1000,-10,1000,1000,1000,1000,-5,1000,1000,1000,-100,-30,1000,1000,1000,1000,1000,1000,1000
fe9b2f6c-4942-4238-940b-c8a2c228e1ec,1000,1000,1000,-100,-5,1000,1000,1000,0,1000,-10,1000,1000,1000,1000,1000,-30,1000,1000,1000,1000,1000,1000,-100,-5,1000,1000,1000,0,1000,-10,1000,1000,1000,1000,1000,-30,1000,1000,1000
66b04ca9-5fcf-4fa3-bec1-12e048ab2c2a,1000,1000,1000,-100,1000,1000,1000,1000,0,1000,1000,1000,1000,1000,1000,1000,1000,-30,-10,-5,1000,1000,1000,-100,1000,1000,1000,1000,0,1000,1000,1000,1000,1000,1000,1000,1000,-30,-10,-5
338644a2-20d6-42c6-a98d-8c07b7e2b1b9,1000,-100,0,-10,1000,1000,1000,1000,1000,1000,1000,1000,1000,1000,1000,1000,1000,-30,1000,-5,1000,-100,0,-10,1000,1000,1000,1000,1000,1000,1000,1000,1000,1000,1000,1000,1000,-30,1000,-5
21512680-3b5c-4c6d-9646-b4e6560c499d,1000,-5,-100,-30,1000,1000,1000,0,1000,1000,1000,1000,1000,1000,1000,1000,1000,1000,-10,1000,1000,-5,-100,-30,1000,1000,1000,0,1000,1000,1000,1000,1000,1000,1000,1000,1000,1000,-10,1000
c514beb9-1966-4767-bb43-9153de84a024,1000,1000,1000,-100,0,1000,1000,1000,1000,1000,1000,1000,1000,-30,1000,1000,1000,-5,-10,1000,1000,1000,1000,-100,0,1000,1000,1000,1000,1000,1000,1000,1000,-30,1000,1000,1000,-5,-10,1000
544a76a2-63ed-4cc4-9383-5a36d1174bdc,-10,-5,-30,1000,1000,1000,1000,0,1000,1000,1000,1000,1000,-100,1000,1000,1000,1000,1000,1000,-10,-5,-30,1000,1000,1000,1000,0,1000,1000,1000,1000,1000,-100,1000,1000,1000,1000,1000,1000
0dbd272a-413f-4952-8e73-6ac688c3b612,-30,1000,1000,-5,1000,1000,1000,1000,1000,1000,-10,1000,1000,1000,1000,1000,1000,1000,0,-100,-30,1000,1000,-5,1000,1000,1000,1000,1000,1000,-10,1000,1000,1000,1000,1000,1000,1000,0,-100
6eb9ac6e-4b9f-45a0-b8c1-6bc1e6946913,-5,1000,1000,-100,-30,1000,0,1000,1000,1000,-10,1000,1000,1000,1000,1000,1000,1000,1000,1000,-5,1000,1000,-100,-30,1000,0,1000,1000,1000,-10,1000,1000,1000,1000,1000,1000,1000,1000,1000
dc9918a0-8301-41dd-8447-f4abebc008c9,-100,-10,1000,1000,-5,1000,1000,1000,1000,1000,1000,1000,0,1000,1000,1000,1000,1000,-30,1000,-100,-10,1000,1000,-5,1000,1000,1000,1000,1000,1000,1000,0,1000,1000,1000,1000,1000,-30,1000
69369b9f-f035-4498-8b0a-379b5952f2de,-100,-30,1000,1000,0,1000,1000,1000,1000,1000,1000,1000,1000,1000,1000,1000,1000,-5,-10,1000,-100,-30,1000,1000,0,1000,1000,1000,1000,1000,1000,1000,1000,1000,1000,1000,1000,-5,-10,1000
b8b82558-8d7f-4201-8517-e6ee74cff44a,1000,1000,1000,-100,1000,1000,1000,1000,1000,1000,1000,1000,1000,1000,-5,1000,-10,0,-30,1000,1000,1000,1000,-100,1000,1000,1000,1000,1000,1000,1000,1000,1000,1000,-5,1000,-10,0,-30,1000
2b7039b5-65ce-432b-ab04-21bf750bd17e,1000,-100,1000,-10,1000,1000,1000,1000,1000,1000,1000,1000,-5,-30,1000,1000,1000,0,1000,1000,1000,-100,1000,-10,1000,1000,1000,1000,1000,1000,1000,1000,-5,-30,1000,1000,1000,0,1000,1000
4f0a90f2-b42a-4023-8a29-16aad5e03971,-100,-30,-10,-5,1000,1000,1000,1000,1000,1000,1000,1000,1000,1000,1000,1000,1000,1000,0,1000,-100,-30,-10,-5,1000,1000,1000,1000,1000,1000,1000,1000,1000,1000,1000,1000,1000,1000,0,1000
4c55d6f2-e4ed-4815-b3a1-b7c7cc991e2e,1000,1000,1000,-5,1000,1000,1000,0,-10,1000,-30,1000,1000,1000,1000,1000,1000,1000,1000,-100,1000,1000,1000,-5,1000,1000,1000,0,-10,1000,-30,1000,1000,1000,1000,1000,1000,1000,1000,-100
a5075227-8fcc-4bfd-b794-2b86a4c5f561,1000,1000,-10,1000,1000,1000,1000,1000,1000,1000,1000,1000,0,1000,1000,1000,1000,-5,-30,-100,1000,1000,-10,1000,1000,1000,1000,1000,1000,1000,1000,1000,0,1000,1000,1000,1000,-5,-30,-100
f6868c9e-a875-4448-8f63-a21b71506118,-100,1000,1000,1000,1000,1000,1000,1000,-5,1000,0,1000,1000,-30,1000,1000,1000,1000,-10,1000,-100,1000,1000,1000,1000,1000,1000,1000,-5,1000,0,1000,1000,-30,1000,1000,1000,1000,-10,1000
55b8c0e3-11dd-4ffb-8ac1-4e6d04dab7e9,-100,-30,1000,1000,-10,1000,1000,1000,1000,1000,1000,1000,1000,-5,0,1000,1000,1000,1000,1000,-100,-30,1000,1000,-10,1000,1000,1000,1000,1000,1000,1000,1000,-5,0,1000,1000,1000,1000,1000
94d28f0a-f293-4a23-9650-16e02c1e18d5,0,1000,1000,1000,1000,1000,1000,1000,1000,1000,-10,1000,1000,1000,1000,1000,1000,-5,-30,-100,0,1000,1000,1000,1000,1000,1000,1000,1000,1000,-10,1000,1000,1000,1000,1000,1000,-5,-30,-100
417e756d-4526-49ef-b87b-2ab6248569e3,1000,-100,1000,1000,1000,1000,1000,-30,1000,1000,1000,1000,1000,1000,-5,1000,1000,1000,0,-10,1000,-100,1000,1000,1000,1000,1000,-30,1000,1000,1000,1000,1000,1000,-5,1000,1000,1000,0,-10
28a3ab83-a850-464f-9cf9-a040dd1122a2,-30,1000,1000,-100,1000,1000,-5,1000,1000,1000,1000,1000,1000,1000,1000,0,1000,-10,1000,1000,-30,1000,1000,-100,1000,1000,-5,1000,1000,1000,1000,1000,1000,1000,1000,0,1000,-10,1000,1000
e61a6be2-c76c-4020-8954-7fca467521dd,-100,-30,0,1000,1000,1000,1000,1000,1000,1000,-10,1000,1000,1000,1000,1000,1000,1000,1000,-5,-100,-30,0,1000,1000,1000,1000,1000,1000,1000,-10,1000,1000,1000,1000,1000,1000,1000,1000,-5
a178c24c-3ef8-4e58-b087-9efcf477c90c,-10,-100,1000,1000,1000,1000,1000,1000,1000,1000,1000,1000,1000,-30,1000,1000,1000,-5,1000,1000,-10,-100,1000,1000,1000,1000,1000,1000,1000,1000,1000,1000,1000,-30,1000,1000,1000,-5,1000,1000
fb02e402-227f-451f-a896-38e4ba15762c,1000,0,1000,1000,1000,1000,1000,-5,-10,1000,-30,1000,1000,1000,1000,1000,1000,1000,1000,-100,1000,0,1000,1000,1000,1000,1000,-5,-10,1000,-30,1000,1000,1000,1000,1000,1000,1000,1000,-100
b949921f-61df-407d-8702-70c7f8daa26b,-100,-5,1000,0,1000,1000,1000,1000,1000,1000,1000,1000,1000,1000,1000,1000,1000,1000,-10,-30,-100,-5,1000,0,1000,1000,1000,1000,1000,1000,1000,1000,1000,1000,1000,1000,1000,1000,-10,-30
815e57bc-2bda-43f6-a4b8-e890f4eb656a,1000,1000,1000,-100,-10,1000,1000,1000,1000,1000,1000,1000,1000,-30,1000,1000,1000,0,1000,-5,1000,1000,1000,-100,-10,1000,1000,1000,1000,1000,1000,1000,1000,-30,1000,1000,1000,0,1000,-5
e9b292c4-ab4f-411f-b95b-54ceb68218c0,0,-100,1000,1000,-5,1000,1000,1000,1000,1000,1000,1000,1000,-30,1000,1000,1000,1000,1000,-10,0,-100,1000,1000,-5,1000,1000,1000,1000,1000,1000,1000,1000,-30,1000,1000,1000,1000,1000,-10
aea08b81-1680-44d4-b16d-528fe128c0a0,0,1000,-5,-10,1000,1000,1000,1000,1000,1000,1000,1000,1000,1000,1000,1000,1000,1000,-100,-30,0,1000,-5,-10,1000,1000,1000,1000,1000,1000,1000,1000,1000,1000,1000,1000,1000,1000,-100,-30
184f61c5-fbcf-4b9c-a392-5f66ce29c58f,-30,-5,1000,1000,1000,1000,1000,1000,1000,1000,1000,1000,1000,0,1000,1000,1000,-10,-100,1000,-30,-5,1000,1000,1000,1000,1000,1000,1000,1000,1000,1000,1000,0,1000,1000,1000,-10,-100,1000
41207b67-f991-49db-ac37-d16bcdc14f1f,-10,1000,1000,-100,-5,1000,1000,-30,1000,1000,1000,1000,1000,1000,1000,1000,1000,1000,1000,0,-10,1000,1000,-100,-5,1000,1000,-30,1000,1000,1000,1000,1000,1000,1000,1000,1000,1000,1000,0
913f4047-fe86-49d6-96d1-f9de0e51fc54,1000,-100,-30,1000,-5,1000,-10,1000,1000,1000,1000,1000,1000,1000,1000,0,1000,1000,1000,1000,1000,-100,-30,1000,-5,1000,-10,1000,1000,1000,1000,1000,1000,1000,1000,0,1000,1000,1000,1000
badde165-550a-4591-9da9-d63c0a215c80,0,1000,-30,1000,1000,1000,1000,1000,1000,1000,1000,1000,1000,1000,1000,1000,1000,-100,-10,-5,0,1000,-30,1000,1000,1000,1000,1000,1000,1000,1000,1000,1000,1000,1000,1000,1000,-100,-10,-5
99b2c426-9f82-4735-a878-a77f0e2a3cc3,-100,-5,-30,1000,-10,1000,1000,1000,1000,1000,1000,1000,1000,1000,1000,1000,1000,0,1000,1000,-100,-5,-30,1000,-10,1000,1000,1000,1000,1000,1000,1000,1000,1000,1000,1000,1000,0,1000,1000
821186c8-2c75-4750-8ce9-e86b2ee677fc,1000,1000,-100,1000,1000,1000,1000,1000,0,1000,1000,1000,-10,1000,-30,1000,1000,-5,1000,1000,1000,1000,-100,1000,1000,1000,1000,1000,0,1000,1000,1000,-10,1000,-30,1000,1000,-5,1000,1000
9d2be7f7-2d98-4cee-9fd2-c276b7421c24,1000,1000,1000,1000,-100,1000,1000,-5,1000,1000,1000,1000,1000,1000,1000,1000,1000,-10,1000,-30,1000,1000,1000,1000,-100,1000,1000,-5,1000,1000,1000,1000,1000,1000,1000,1000,1000,-10,1000,-30
93d91779-7955-4560-89e8-afdd7c156638,1000,-100,1000,1000,-5,1000,1000,-10,1000,1000,1000,1000,1000,1000,1000,1000,1000,0,1000,-30,1000,-100,1000,1000,-5,1000,1000,-10,1000,1000,1000,1000,1000,1000,1000,1000,1000,0,1000,-30
a933f883-930e-4cc0-94a8-c2fc25679edf,0,1000,1000,1000,-10,1000,1000,1000,1000,1000,-5,1000,1000,1000,1000,1000,1000,-100,1000,-30,0,1000,1000,1000,-10,1000,1000,1000,1000,1000,-5,1000,1000,1000,1000,1000,1000,-100,1000,-30
1e4f4ba7-2e2a-4502-a5e5-1dbf91c01664,1000,1000,1000,-5,1000,-30,1000,0,1000,1000,1000,1000,1000,1000,-10,1000,-100,1000,1000,1000,1000,1000,1000,-5,1000,-30,1000,0,1000,1000,1000,1000,1000,1000,-10,1000,-100,1000,1000,1000
80bcae49-3f05-4c45-8dc2-6019e3a63d6b,-10,1000,1000,-5,0,1000,1000,1000,1000,1000,1000,1000,1000,-30,1000,1000,1000,-100,1000,1000,-10,1000,1000,-5,0,1000,1000,1000,1000,1000,1000,1000,1000,-30,1000,1000,1000,-100,1000,1000
ebb368cc-8833-46af-94be-c45a89ab9f10,-10,1000,1000,1000,-100,1000,1000,-30,1000,1000,1000,1000,1000,-5,1000,1000,1000,0,1000,1000,-10,1000,1000,1000,-100,1000,1000,-30,1000,1000,1000,1000,1000,-5,1000,1000,1000,0,1000,1000
805da2c1-b5cc-4320-848e-a7888eb15f87,-5,-100,1000,1000,1000,1000,1000,1000,1000,1000,1000,1000,0,-30,1000,1000,1000,-10,1000,1000,-5,-100,1000,1000,1000,1000,1000,1000,1000,1000,1000,1000,0,-30,1000,1000,1000,-10,1000,1000
abbe598c-2eea-48b6-924d-5ec810c3cacf,1000,1000,1000,-10,1000,-5,1000,1000,1000,1000,0,1000,1000,1000,-30,1000,-100,1000,1000,1000,1000,1000,1000,-10,1000,-5,1000,1000,1000,1000,0,1000,1000,1000,-30,1000,-100,1000,1000,1000
1a3fd823-4e3d-4d13-a6ec-8a5b9086e43f,-10,1000,1000,1000,1000,1000,1000,-5,1000,1000,-30,1000,1000,0,1000,1000,1000,-100,1000,1000,-10,1000,1000,1000,1000,1000,1000,-5,1000,1000,-30,1000,1000,0,1000,1000,1000,-100,1000,1000
765abbd5-9616-48aa-bb58-df33e6049502,1000,-5,1000,1000,1000,1000,1000,1000,1000,1000,1000,1000,0,-10,1000,1000,1000,1000,-30,-100,1000,-5,1000,1000,1000,1000,1000,1000,1000,1000,1000,1000,0,-10,1000,1000,1000,1000,-30,-100
a85a94a1-ad72-42f2-8ff6-f7dcd10ac8ef,1000,-30,-5,-100,1000,1000,1000,1000,1000,1000,1000,1000,1000,1000,-10,1000,1000,0,1000,1000,1000,-30,-5,-100,1000,1000,1000,1000,1000,1000,1000,1000,1000,1000,-10,1000,1000,0,1000,1000
607c0a86-5334-47e4-acb3-ca34b6f1ad4e,1000,1000,-100,1000,1000,1000,-10,1000,1000,1000,1000,1000,1000,1000,1000,-5,1000,-30,1000,0,1000,1000,-100,1000,1000,1000,-10,1000,1000,1000,1000,1000,1000,1000,1000,-5,1000,-30,1000,0
97e139c4-8cce-4739-a987-c719594493ce,1000,-5,1000,-30,1000,1000,1000,1000,1000,1000,0,1000,1000,1000,1000,1000,1000,-100,-10,1000,1000,-5,1000,-30,1000,1000,1000,1000,1000,1000,0,1000,1000,1000,1000,1000,1000,-100,-10,1000
5d8c952d-6bde-4c3f-8fec-84560a9f3c88,1000,-100,1000,1000,-10,1000,0,1000,-5,1000,1000,1000,1000,1000,1000,1000,1000,1000,-30,1000,1000,-100,1000,1000,-10,1000,0,1000,-5,1000,1000,1000,1000,1000,1000,1000,1000,1000,-30,1000
093a6dc6-9eb3-4890-855a-0f09ea782d49,1000,1000,1000,-100,-30,1000,1000,1000,-5,1000,-10,1000,0,1000,1000,1000,1000,1000,1000,1000,1000,1000,1000,-100,-30,1000,1000,1000,-5,1000,-10,1000,0,1000,1000,1000,1000,1000,1000,1000
c8b85f93-37d3-4179-acf5-982d18c5018e,1000,1000,-100,-10,-5,1000,1000,1000,1000,1000,1000,1000,1000,1000,1000,1000,0,1000,1000,-30,1000,1000,-100,-10,-5,1000,1000,1000,1000,1000,1000,1000,1000,1000,1000,1000,0,1000,1000,-30
