,844e962c-c1bc-4c0b-9886-5561cc99c173,ded3529c-f001-49b8-a8c4-30fa16b4d6fc,cf620754-2948-40be-ac35-f5ae6627ffdb,504b9e37-2e3d-4913-943a-614e3457e653,7cb5a37b-0781-408e-b209-b92bb739546e,a92d4ad2-15aa-4937-bf07-010e112a9310,1e50cca0-2b47-436c-b20c-88b2b4c609f5,cee6fbdf-3111-4470-bd4d-53ccddd8c659,913342a2-bc20-457b-9429-54b285e831fc,0368424e-312e-4951-87b3-ad8188213c56,ec2abb7c-6791-4fcd-837b-1a3af58cab36,8e63ad31-da2d-4f94-a92e-60c59dc61c33,739a57a2-203f-40f3-ab2e-9c63e54dabaa,70520b54-9465-43df-81f7-b1407a4c4f0c,19c0be7a-5b65-4b30-8ea5-13bf16cf93d9,43ec519b-c406-4050-a70e-dcff2c23e0bc,9c98c38b-6bb4-4667-8d42-2b43a7c852c4,47c7ec2a-3fdb-4801-99eb-b00cbc4ee51b,d4e1aa6a-d34c-4e2d-8438-8cae6f630a93,f65477ba-8e37-4e6d-81ef-85b290e4b809,fa5ba0b2-97aa-4763-9f16-d06b2a1df5fc,f1cc0711-2898-48e4-846a-a0999723e427,017e007e-7018-4941-b7f6-ef2ffb545ff3,e2241342-d03d-41b9-9ac4-8466cfbf44c5,52bf09c9-dcf4-4d99-8299-58259c6ea063,1d2662eb-1bc1-4f9d-991d-688ea60cea4d,722129f4-7547-4772-86b9-4b41401b608d,3d0f9f2d-8c4c-42c3-bfec-125e980d7bb3,ebbed4b4-d9c4-47c6-81bc-20dac962cd84,1caad454-03a5-4f12-923f-dcd38b118c04,c673ea34-dbc7-4bb2-acd7-72d1df31b6f0,e8d3df34-e7f2-44ec-bfd6-2abc050d86a6,a6e92c5d-c30d-4c68-9ac4-a26e0654db26,061bc983-78b6-487f-aed6-1b5b013647b4,60a2a74f-7875-409b-97de-9ff5f111b7f8,e099357b-9b34-4720-98ab-97831718fe68,9bc10bfa-88c2-416e-a589-0618a7529f2e,139522eb-d7d2-4594-b307-a3ccbc9ffcff,ce2d4198-b7c0-4dd9-b13c-6f1f5133d275,32ddb72e-252a-4937-96f5-0a0c56b5e85f
f5525de3-e909-4f3d-8d42-21ab059f64d7,25, 18, 15, 23, 15, 3, 2, 5, 3, 1, 8, 7, 8, 11, 6, 2, 6, 17, 17, 13,25, 18, 15, 23, 15, 3, 2, 5, 3, 1, 8, 7, 8, 11, 6, 2, 6, 17, 17, 13
03ffb038-a44e-4bff-bb54-8011ecc8f184,3,0,4,5,2,0,0,0,0,0,1,0,0,0,0,0,0,0,0,0,3,0,4,5,2,0,0,0,0,0,1,0,0,0,0,0,0,0,0,0
0fe53981-6684-42f2-ba57-386e5e46a45f,5,4,0,3,0,0,0,0,0,0,1,0,0,0,0,0,0,2,0,0,5,4,0,3,0,0,0,0,0,0,1,0,0,0,0,0,0,2,0,0
21158d1f-ecf8-4d08-86bd-4edc84c43585,3,5,1,2,0,0,0,0,0,0,0,0,0,4,0,0,0,0,0,0,3,5,1,2,0,0,0,0,0,0,0,0,0,4,0,0,0,0,0,0
b0f26132-61cf-4d04-b66e-bc52d4a7423a,5,1,0,4,2,0,0,0,0,0,0,0,0,0,0,0,0,0,0,3,5,1,0,4,2,0,0,0,0,0,0,0,0,0,0,0,0,0,0,3
ad36fcfc-af4e-44c2-b4b6-d82a9af5a319,4,0,1,3,0,0,0,0,0,0,0,0,0,0,0,0,0,0,5,2,4,0,1,3,0,0,0,0,0,0,0,0,0,0,0,0,0,0,5,2
e176c322-161e-42a8-ac62-8f88731b3020,5,0,0,0,0,0,0,0,0,0,2,0,0,0,4,0,0,1,0,3,5,0,0,0,0,0,0,0,0,0,2,0,0,0,4,0,0,1,0,3
55c6ce84-88ea-4242-85e2-1b2699a47016,5,4,0,2,0,0,0,0,0,0,0,1,0,0,0,0,0,0,0,3,5,4,0,2,0,0,0,0,0,0,0,1,0,0,0,0,0,0,0,3
3c921166-0221-4a2e-83b6-19d0294958e0,2,3,0,4,0,0,0,0,0,0,0,0,0,0,0,0,0,1,5,0,2,3,0,4,0,0,0,0,0,0,0,0,0,0,0,0,0,1,5,0
a45cae08-4543-41f7-af6d-8b54d27f909e,5,0,0,0,3,0,0,1,0,0,0,0,0,0,0,0,0,0,2,4,5,0,0,0,3,0,0,1,0,0,0,0,0,0,0,0,0,0,2,4
9c13779f-9f15-442a-a1dc-0a576f345eeb,5,0,0,4,0,1,0,0,0,0,0,0,0,0,0,0,0,2,3,0,5,0,0,4,0,1,0,0,0,0,0,0,0,0,0,0,0,2,3,0
7c1abbae-831b-49a5-b767-26dcc23a070c,0,5,2,0,0,0,0,1,0,0,0,0,0,4,0,0,0,3,0,0,0,5,2,0,0,0,0,1,0,0,0,0,0,4,0,0,0,3,0,0
bd3de384-f56c-4361-9d5f-075e72676465,1,0,2,0,0,0,0,0,3,0,0,4,0,0,0,0,0,0,5,0,1,0,2,0,0,0,0,0,3,0,0,4,0,0,0,0,0,0,5,0
db26bd87-7a59-4d5d-a7d3-534adc106b9b,0,0,0,5,0,0,0,0,1,0,2,0,4,0,0,0,0,3,0,0,0,0,0,5,0,0,0,0,1,0,2,0,4,0,0,0,0,3,0,0
7ef59851-faa7-4056-9e8f-a37866cb09c6,0,5,2,1,3,0,0,0,0,0,0,0,0,4,0,0,0,0,0,0,0,5,2,1,3,0,0,0,0,0,0,0,0,4,0,0,0,0,0,0
0f3e547a-9e0f-4477-be26-48462b8296cc,0,0,1,0,3,0,0,0,0,0,5,2,0,0,0,0,0,0,0,4,0,0,1,0,3,0,0,0,0,0,5,2,0,0,0,0,0,0,0,4
a6ab9509-5831-46f1-aade-5be6b88c030d,5,0,1,0,0,0,0,2,3,0,0,0,0,4,0,0,0,0,0,0,5,0,1,0,0,0,0,2,3,0,0,0,0,4,0,0,0,0,0,0
179387cf-8f3f-4a1a-8724-bf18a561f93d,1,0,0,0,2,0,0,0,0,0,0,3,0,0,0,0,0,5,0,4,1,0,0,0,2,0,0,0,0,0,0,3,0,0,0,0,0,5,0,4
04439d3c-abc8-4cf2-9b43-8a39a24a6775,3,0,0,0,5,0,0,0,0,0,0,0,0,4,0,0,1,0,2,0,3,0,0,0,5,0,0,0,0,0,0,0,0,4,0,0,1,0,2,0
f7fc7ead-263f-46ca-9c5a-489a525a9b36,3,0,1,0,0,2,0,0,0,0,0,0,0,0,0,0,4,5,0,0,3,0,1,0,0,2,0,0,0,0,0,0,0,0,0,0,4,5,0,0
9358ab27-8b86-459d-b5de-ae1ce50fd4db,5,0,4,0,0,0,0,0,0,0,1,3,0,0,0,0,0,0,0,2,5,0,4,0,0,0,0,0,0,0,1,3,0,0,0,0,0,0,0,2
2e5f04b2-3cdb-4523-8db6-5ac5bab88f70,3,0,4,2,1,0,0,0,0,0,0,0,0,0,0,0,5,0,0,0,3,0,4,2,1,0,0,0,0,0,0,0,0,0,0,0,5,0,0,0
82571cf2-c104-4bf4-89ab-c037ce3a167b,3,0,0,2,0,0,0,0,0,0,0,4,0,0,1,0,0,0,0,5,3,0,0,2,0,0,0,0,0,0,0,4,0,0,1,0,0,0,0,5
3f4d213e-d553-47e6-b754-90dc4b717a6c,4,2,5,0,0,0,0,0,0,0,0,0,0,3,0,0,0,1,0,0,4,2,5,0,0,0,0,0,0,0,0,0,0,3,0,0,0,1,0,0
c2ba844e-5bd2-49dc-bafe-0df362b0cb8c,4,2,0,0,3,0,0,0,0,0,0,0,0,5,0,0,0,0,0,1,4,2,0,0,3,0,0,0,0,0,0,0,0,5,0,0,0,0,0,1
8f3449eb-8946-4a1a-b694-2933272b0594,4,0,0,0,0,0,0,2,0,0,3,1,0,0,0,0,0,5,0,0,4,0,0,0,0,0,0,2,0,0,3,1,0,0,0,0,0,5,0,0
0a63e695-2874-4b1a-b09c-c3e711bd8719,0,2,0,0,4,0,0,0,0,0,0,0,3,1,0,0,0,0,5,0,0,2,0,0,4,0,0,0,0,0,0,0,3,1,0,0,0,0,5,0
51e6b742-c6bf-43b5-884e-47ff11797ab7,1,4,3,0,0,0,0,0,0,0,0,0,0,0,0,0,0,0,5,2,1,4,3,0,0,0,0,0,0,0,0,0,0,0,0,0,0,0,5,2
4ff57db0-a305-4a3d-8e66-2a91cab5c969,0,0,5,0,1,0,0,0,0,0,0,0,0,0,4,0,3,0,2,0,0,0,5,0,1,0,0,0,0,0,0,0,0,0,4,0,3,0,2,0
ee75f4ae-03dd-4a3a-bd50-4901840379af,5,0,0,0,0,0,0,0,1,0,0,2,0,0,0,0,0,0,4,3,5,0,0,0,0,0,0,0,1,0,0,2,0,0,0,0,0,0,4,3
9b1f862a-49b7-4733-8be1-dba4b91f287c,0,4,1,0,0,0,0,0,0,0,0,0,0,2,0,0,0,3,5,0,0,4,1,0,0,0,0,0,0,0,0,0,0,2,0,0,0,3,5,0
76290f1c-04e1-417e-8f74-a359bd1e9f98,0,4,5,0,0,0,2,0,0,1,0,0,3,0,0,0,0,0,0,0,0,4,5,0,0,0,2,0,0,1,0,0,3,0,0,0,0,0,0,0
653bc551-bfec-4ec0-b161-6eb726969b57,1,0,0,4,0,0,0,0,0,0,3,0,0,0,0,0,0,5,0,2,1,0,0,4,0,0,0,0,0,0,3,0,0,0,0,0,0,5,0,2
8d95e698-8bf4-43b4-9bbe-673d53d78b73,0,0,3,0,5,0,0,0,0,0,0,0,1,4,0,0,0,2,0,0,0,0,3,0,5,0,0,0,0,0,0,0,1,4,0,0,0,2,0,0
92e68a40-d041-4b98-a62e-6def4dbdae61,5,0,0,1,4,0,0,0,0,0,0,0,0,2,0,0,0,0,3,0,5,0,0,1,4,0,0,0,0,0,0,0,0,2,0,0,0,0,3,0
356fb097-ad2c-4c4f-aced-e321a9e6fbcd,0,0,0,4,0,0,1,0,0,0,0,3,0,0,2,0,0,0,5,0,0,0,0,4,0,0,1,0,0,0,0,3,0,0,2,0,0,0,5,0
408f04b2-aeb1-483f-81b8-8b624718c557,0,5,0,0,0,0,0,0,0,0,0,0,0,3,0,0,0,4,0,0,0,5,0,0,0,0,0,0,0,0,0,0,0,3,0,0,0,4,0,0
4b11a31c-78a6-49f7-9b53-e717053f0288,5,0,0,0,0,0,0,0,0,0,2,0,0,0,1,0,0,4,0,3,5,0,0,0,0,0,0,0,0,0,2,0,0,0,1,0,0,4,0,3
464e108b-b19e-4da0-8305-21c74ea2963a,4,0,0,5,3,0,0,0,1,0,0,0,0,0,0,0,2,0,0,0,4,0,0,5,3,0,0,0,1,0,0,0,0,0,0,0,2,0,0,0
3c1f8479-b505-450f-8fc2-da24f168b570,4,0,2,0,0,0,0,0,0,0,0,0,3,5,0,0,0,1,0,0,4,0,2,0,0,0,0,0,0,0,0,0,3,5,0,0,0,1,0,0
2176d3f4-0fe5-4b8a-983a-3ca2270d3685,0,5,1,4,0,0,0,0,0,0,0,0,0,0,3,0,0,0,0,2,0,5,1,4,0,0,0,0,0,0,0,0,0,0,3,0,0,0,0,2
cd0c2bde-b061-4dde-bb9a-d2f82f5cf6b2,5,0,4,0,3,0,0,2,0,0,0,0,0,1,0,0,0,0,0,0,5,0,4,0,3,0,0,2,0,0,0,0,0,1,0,0,0,0,0,0
c118f90c-cbc6-4967-a269-de6eab26f01a,0,0,0,5,2,0,0,0,0,0,0,0,4,0,0,0,0,0,3,1,0,0,0,5,2,0,0,0,0,0,0,0,4,0,0,0,0,0,3,1
4453e008-0977-4fcd-804b-3c7047317516,4,5,0,0,0,0,0,0,0,0,0,1,0,2,0,0,0,3,0,0,4,5,0,0,0,0,0,0,0,0,0,1,0,2,0,0,0,3,0,0
91ea926f-9dc2-4fb4-b67a-88414a809ce8,0,0,0,5,0,0,0,0,0,0,0,1,2,0,0,0,3,0,4,0,0,0,0,5,0,0,0,0,0,0,0,1,2,0,0,0,3,0,4,0
fb99ff39-154a-4f3c-8e36-ee3157f05388,5,3,1,0,4,0,0,0,0,0,0,0,2,0,0,0,0,0,0,0,5,3,1,0,4,0,0,0,0,0,0,0,2,0,0,0,0,0,0,0
85a2cb67-7e39-4cfc-aa19-39f2d3ea5863,3,0,0,5,2,0,0,1,0,0,0,0,0,0,0,0,0,0,4,0,3,0,0,5,2,0,0,1,0,0,0,0,0,0,0,0,0,0,4,0
0034b581-c08d-4cce-a4cf-e6ace1223390,5,3,0,0,0,0,0,0,0,0,2,0,0,4,0,0,0,0,0,1,5,3,0,0,0,0,0,0,0,0,2,0,0,4,0,0,0,0,0,1
18c47483-7a3c-47d3-b558-5db13cce336a,0,0,0,5,0,0,0,0,0,1,0,0,3,0,0,2,4,0,0,0,0,0,0,5,0,0,0,0,0,1,0,0,3,0,0,2,4,0,0,0
7bc232ec-1d92-42ce-9a99-16f6f86d87e7,0,0,0,0,1,4,0,0,2,0,0,0,0,0,3,0,5,0,0,0,0,0,0,0,1,4,0,0,2,0,0,0,0,0,3,0,5,0,0,0
048d2d8d-e763-47b1-81f7-55c4e8f2b372,0,0,0,0,2,0,0,0,0,0,3,4,0,0,0,0,0,0,1,5,0,0,0,0,2,0,0,0,0,0,3,4,0,0,0,0,0,0,1,5
85531a6e-7ad6-4104-9ee0-2c75aec7f800,0,0,0,5,0,4,0,0,0,0,0,3,0,1,0,0,0,0,2,0,0,0,0,5,0,4,0,0,0,0,0,3,0,1,0,0,0,0,2,0
0f604ea9-cded-4eed-b86e-05397ea16800,2,5,0,4,1,0,0,0,0,0,0,0,0,0,0,0,0,3,0,0,2,5,0,4,1,0,0,0,0,0,0,0,0,0,0,0,0,3,0,0
4deb1a7a-d4f6-4db5-bf12-51042fcccadf,5,4,0,0,0,0,0,0,0,0,2,0,0,0,0,0,0,0,1,3,5,4,0,0,0,0,0,0,0,0,2,0,0,0,0,0,0,0,1,3
8834022b-3e6f-4100-8a87-d7fc07461e3c,3,0,0,0,0,2,0,1,0,0,0,0,4,0,0,0,0,5,0,0,3,0,0,0,0,2,0,1,0,0,0,0,4,0,0,0,0,5,0,0
d577661d-e946-4b1c-b0e5-9995109a8ea8,0,2,0,4,1,0,0,0,0,0,0,0,3,0,0,0,0,0,5,0,0,2,0,4,1,0,0,0,0,0,0,0,3,0,0,0,0,0,5,0
542117c5-ee01-453d-8e28-c7e293ade8ef,2,0,0,1,0,0,0,0,0,0,0,3,0,0,5,0,0,4,0,0,2,0,0,1,0,0,0,0,0,0,0,3,0,0,5,0,0,4,0,0
996fa270-1e97-4b12-a73f-e372bc7fd956,0,2,0,5,1,0,0,0,0,0,0,0,4,0,3,0,0,0,0,0,0,2,0,5,1,0,0,0,0,0,0,0,4,0,3,0,0,0,0,0
64085679-2f0b-411b-b948-186fbcd6990c,0,4,0,5,2,0,0,0,0,0,0,0,1,0,0,0,0,0,3,0,0,4,0,5,2,0,0,0,0,0,0,0,1,0,0,0,0,0,3,0
3cbc0f13-5346-4664-b011-74584cf0f931,0,0,0,5,1,0,3,0,0,2,0,0,0,0,0,4,0,0,0,0,0,0,0,5,1,0,3,0,0,2,0,0,0,0,0,4,0,0,0,0
84578d6b-2e04-4c30-b9b7-4a84e9cf0e85,4,0,0,0,3,0,0,0,0,0,0,2,1,0,0,0,0,0,5,0,4,0,0,0,3,0,0,0,0,0,0,2,1,0,0,0,0,0,5,0
186150f0-f17f-4ef7-b3ea-572370df34b9,0,4,0,2,0,0,0,0,0,0,0,0,3,0,1,0,0,0,5,0,0,4,0,2,0,0,0,0,0,0,0,0,3,0,1,0,0,0,5,0
72338e6e-8316-4c91-9937-61f4b9c1d6b6,5,3,0,0,0,0,0,0,0,0,1,0,0,0,2,0,4,0,0,0,5,3,0,0,0,0,0,0,0,0,1,0,0,0,2,0,4,0,0,0
193bf743-c130-4035-9281-4615a69cdac5,0,0,0,4,0,0,0,2,0,0,0,0,3,1,0,0,0,0,5,0,0,0,0,4,0,0,0,2,0,0,0,0,3,1,0,0,0,0,5,0
beb7b736-12ea-414c-b033-a81fcd788fb3,0,0,0,3,4,0,0,0,0,0,1,0,0,0,0,0,0,0,5,2,0,0,0,3,4,0,0,0,0,0,1,0,0,0,0,0,0,0,5,2
b36cce8c-10bd-4dd5-8aaa-9dad0ba15cec,0,0,3,4,0,0,0,2,0,0,0,0,0,0,0,0,0,5,0,0,0,0,3,4,0,0,0,2,0,0,0,0,0,0,0,0,0,5,0,0
c39575cb-271e-4798-a2bb-1b14e0be8295,2,0,0,3,5,0,0,0,0,0,0,0,1,4,0,0,0,0,0,0,2,0,0,3,5,0,0,0,0,0,0,0,1,4,0,0,0,0,0,0
dd53d7be-2fbe-4a93-af5f-996cfa3da4ad,0,1,0,0,0,4,0,0,0,0,0,0,0,3,0,0,0,0,5,2,0,1,0,0,0,4,0,0,0,0,0,0,0,3,0,0,0,0,5,2
1cbb4f4a-9540-432f-8dfb-d022baf883e3,0,2,0,5,0,0,0,0,0,0,0,4,3,0,0,0,1,0,0,0,0,2,0,5,0,0,0,0,0,0,0,4,3,0,0,0,1,0,0,0
e57c6d5c-0bb9-4861-86dd-0f93ed0429b1,1,3,0,0,2,0,0,0,0,0,0,0,4,5,0,0,0,0,0,0,1,3,0,0,2,0,0,0,0,0,0,0,4,5,0,0,0,0,0,0
55c382a4-666a-4402-b9b5-3a933fa7caa4,0,0,0,0,0,0,0,4,3,0,0,0,0,0,0,0,0,1,2,5,0,0,0,0,0,0,0,4,3,0,0,0,0,0,0,0,0,1,2,5
29dca9ca-632a-44b9-9e2f-d38d7bbbf90f,1,2,4,5,0,0,0,0,0,0,0,0,0,3,0,0,0,0,0,0,1,2,4,5,0,0,0,0,0,0,0,0,0,3,0,0,0,0,0,0
9bec014d-4e5c-418f-9a26-3bcaee4e6cfe,0,0,0,5,3,1,0,0,0,0,0,0,0,0,2,0,0,0,4,0,0,0,0,5,3,1,0,0,0,0,0,0,0,0,2,0,0,0,4,0
f164100d-9088-4e52-9e47-d77abaa80bfa,3,2,5,0,0,0,0,0,1,0,4,0,0,0,0,0,0,0,0,0,3,2,5,0,0,0,0,0,1,0,4,0,0,0,0,0,0,0,0,0
45a8b869-0f04-4885-b082-9df296e52a4c,0,0,0,5,0,0,0,0,0,0,0,2,1,0,0,0,0,0,3,4,0,0,0,5,0,0,0,0,0,0,0,2,1,0,0,0,0,0,3,4
e6c5074c-0f16-4757-a755-60f80b55699f,0,1,0,5,4,0,0,0,0,0,0,0,0,0,2,0,0,3,0,0,0,1,0,5,4,0,0,0,0,0,0,0,0,0,2,0,0,3,0,0
84349244-2b46-455b-99f1-addc014b26fc,5,0,4,3,0,0,0,0,0,0,0,0,0,2,0,0,0,0,0,1,5,0,4,3,0,0,0,0,0,0,0,0,0,2,0,0,0,0,0,1
eb59cad5-33e5-4cb0-b722-1fce699f8ad5,5,0,1,3,0,0,0,0,0,0,0,0,2,0,0,0,0,4,0,0,5,0,1,3,0,0,0,0,0,0,0,0,2,0,0,0,0,4,0,0
c95bdfef-e512-482d-9ebe-567bca36ed29,5,0,0,0,0,0,0,4,0,0,2,1,0,0,0,0,0,0,0,3,5,0,0,0,0,0,0,4,0,0,2,1,0,0,0,0,0,0,0,3
ed11f3c8-ed8a-4e82-95e3-005e2aacb558,0,0,0,5,0,0,0,0,0,0,2,0,0,0,3,0,1,0,4,0,0,0,0,5,0,0,0,0,0,0,2,0,0,0,3,0,1,0,4,0
6deb1870-00cb-440e-8624-46201681da2a,0,3,5,1,2,0,0,0,0,0,0,0,0,0,0,0,0,0,0,0,0,3,5,1,2,0,0,0,0,0,0,0,0,0,0,0,0,0,0,0
4593bd32-e1cc-4d24-8cf0-2e77557ec3f7,5,3,0,0,0,2,0,1,0,0,0,0,0,0,0,0,0,4,0,0,5,3,0,0,0,2,0,1,0,0,0,0,0,0,0,0,0,4,0,0
1bc8c6f6-e0f9-43e7-b6fc-8d7e6de17b13,3,4,0,1,0,0,0,0,0,0,0,0,0,0,0,0,0,2,5,0,3,4,0,1,0,0,0,0,0,0,0,0,0,0,0,0,0,2,5,0
b08e5561-0cfa-4505-81a3-011f1d1b79f8,5,0,0,0,1,0,0,2,0,0,3,0,0,0,0,0,0,4,0,0,5,0,0,0,1,0,0,2,0,0,3,0,0,0,0,0,0,4,0,0
28074bf4-c314-499a-bcb5-8acd32b83699,1,0,3,0,0,0,0,0,0,0,0,0,0,0,0,0,0,4,5,2,1,0,3,0,0,0,0,0,0,0,0,0,0,0,0,0,0,4,5,2
6673b0bb-6924-4b49-be4b-ab375a044298,5,0,0,1,0,0,0,0,0,2,0,0,0,0,0,3,0,4,0,0,5,0,0,1,0,0,0,0,0,2,0,0,0,0,0,3,0,4,0,0
2e2d3a86-5c6c-4c70-9348-7a17ebbbce94,2,1,4,0,3,0,0,0,0,0,0,5,0,0,0,0,0,0,0,0,2,1,4,0,3,0,0,0,0,0,0,5,0,0,0,0,0,0,0,0
94b0dec2-1df6-4fa8-b26d-316fdb98f1c0,0,5,1,3,0,0,0,0,0,0,0,2,0,0,0,0,0,4,0,0,0,5,1,3,0,0,0,0,0,0,0,2,0,0,0,0,0,4,0,0
6e009e15-4133-4b82-a815-bb7a79ba5b5e,0,1,5,4,0,0,0,0,0,0,0,0,0,0,2,0,0,0,3,0,0,1,5,4,0,0,0,0,0,0,0,0,0,0,2,0,0,0,3,0
9062d677-a7e3-4e4d-ba0f-48d2539fdde6,5,1,0,0,0,0,0,0,0,0,0,0,3,2,0,0,0,4,0,0,5,1,0,0,0,0,0,0,0,0,0,0,3,2,0,0,0,4,0,0
1693b147-c709-4a0a-8427-4a17c8e1a27c,0,0,0,0,0,0,1,0,0,0,5,0,4,0,0,2,0,3,0,0,0,0,0,0,0,0,1,0,0,0,5,0,4,0,0,2,0,3,0,0
3f6cd0aa-1acf-4f23-9782-2ccf5e7d0847,5,0,0,2,0,0,0,0,0,0,0,0,0,1,0,0,0,3,4,0,5,0,0,2,0,0,0,0,0,0,0,0,0,1,0,0,0,3,4,0
7f453960-268f-47f8-942d-93bfd3eb24df,5,3,0,2,0,0,0,0,0,0,0,1,0,0,0,0,0,4,0,0,5,3,0,2,0,0,0,0,0,0,0,1,0,0,0,0,0,4,0,0
03996c45-f9dc-4880-bd76-c9b96846c5ce,0,2,5,4,0,0,0,3,0,0,0,0,0,0,0,0,0,0,0,1,0,2,5,4,0,0,0,3,0,0,0,0,0,0,0,0,0,0,0,1
924b294e-b44b-4872-9547-1dac1dbf627e,4,0,0,0,0,0,0,1,3,0,0,0,0,0,0,0,0,2,5,0,4,0,0,0,0,0,0,1,3,0,0,0,0,0,0,0,0,2,5,0
33c8fc2b-b167-4b48-a968-4061a4b690cc,1,0,5,0,0,0,0,3,0,0,4,0,0,0,0,0,0,0,0,2,1,0,5,0,0,0,0,3,0,0,4,0,0,0,0,0,0,0,0,2
f547ac72-7bd9-4671-b9e6-a599bd58ebf8,0,0,0,5,0,0,0,2,0,0,3,1,0,0,0,0,0,0,0,4,0,0,0,5,0,0,0,2,0,0,3,1,0,0,0,0,0,0,0,4
9f8c4d83-e40b-4777-a256-e9f0d31347b7,0,5,3,0,0,0,0,1,0,0,0,2,0,4,0,0,0,0,0,0,0,5,3,0,0,0,0,1,0,0,0,2,0,4,0,0,0,0,0,0
fdce20ee-0f1e-4bd4-9c18-962abf98e51d,0,0,0,0,5,0,0,0,0,0,1,0,0,0,3,0,2,4,0,0,0,0,0,0,5,0,0,0,0,0,1,0,0,0,3,0,2,4,0,0
2676688b-e8ca-46a0-b0dd-8e09841b5740,0,0,0,0,3,0,0,2,0,0,4,0,0,0,0,0,0,0,0,5,0,0,0,0,3,0,0,2,0,0,4,0,0,0,0,0,0,0,0,5
8809780c-c940-4c92-b9b2-706ff2589d93,0,0,0,4,0,0,0,0,0,0,0,0,0,1,0,2,3,0,5,0,0,0,0,4,0,0,0,0,0,0,0,0,0,1,0,2,3,0,5,0
3f23cab2-869d-4590-9e34-793fde9bdcd2,0,0,0,0,3,0,0,0,0,0,5,0,1,2,0,0,0,0,0,4,0,0,0,0,3,0,0,0,0,0,5,0,1,2,0,0,0,0,0,4
03e1fc62-4aea-4115-a168-629638286111,5,2,0,0,0,0,0,0,0,0,0,0,0,4,0,0,0,1,3,0,5,2,0,0,0,0,0,0,0,0,0,0,0,4,0,0,0,1,3,0
3799afde-4164-4cc2-8be0-056570541cc3,0,0,3,4,2,0,0,0,0,0,1,0,0,0,0,0,0,0,0,5,0,0,3,4,2,0,0,0,0,0,1,0,0,0,0,0,0,0,0,5
4fd277a7-6fa0-417b-8d14-49b60b07d85a,5,2,0,0,3,0,0,0,0,0,0,0,4,0,0,0,0,1,0,0,5,2,0,0,3,0,0,0,0,0,0,0,4,0,0,0,0,1,0,0
8366424a-add8-43dc-9ca6-034032eecdc3,0,5,0,0,4,0,0,0,0,0,0,2,0,1,0,0,0,3,0,0,0,5,0,0,4,0,0,0,0,0,0,2,0,1,0,0,0,3,0,0
04bf53f8-c8fa-457a-9e67-5ed147c7e277,5,1,0,3,0,0,0,0,0,0,0,0,0,0,0,0,0,2,0,4,5,1,0,3,0,0,0,0,0,0,0,0,0,0,0,0,0,2,0,4
4c769a2e-84d0-4215-8f10-14320eab885f,0,0,5,0,1,0,0,0,0,0,0,4,3,0,0,0,0,2,0,0,0,0,5,0,1,0,0,0,0,0,0,4,3,0,0,0,0,2,0,0
37890b95-3eeb-4918-8430-6cb6bde24b7d,1,0,5,4,0,0,0,0,0,0,0,0,0,0,3,0,2,0,0,0,1,0,5,4,0,0,0,0,0,0,0,0,0,0,3,0,2,0,0,0
74d679db-11f3-4ee4-8c99-dbaa0d46957d,4,0,0,1,0,0,0,0,0,0,2,5,0,0,0,0,0,0,3,0,4,0,0,1,0,0,0,0,0,0,2,5,0,0,0,0,0,0,3,0
a97caaea-2ddc-459a-82d1-a90bb0910f0d,0,0,2,5,0,0,0,0,0,0,0,0,0,0,4,0,0,0,3,1,0,0,2,5,0,0,0,0,0,0,0,0,0,0,4,0,0,0,3,1
4f9f737c-b7b5-4a4e-a4ba-c11b8078ed6c,0,0,0,0,3,0,2,0,0,5,0,0,4,0,0,0,0,0,1,0,0,0,0,0,3,0,2,0,0,5,0,0,4,0,0,0,0,0,1,0
c98453b9-80e8-4d8f-aaf0-1cd7a3004d71,0,0,0,5,0,0,0,0,0,0,1,4,0,0,3,0,0,0,2,0,0,0,0,5,0,0,0,0,0,0,1,4,0,0,3,0,0,0,2,0
fd8beab2-3911-497f-af59-606a34e944fe,0,4,0,3,5,0,0,0,0,0,2,0,0,0,0,0,0,1,0,0,0,4,0,3,5,0,0,0,0,0,2,0,0,0,0,0,0,1,0,0
dc36fc46-c148-4f28-9d19-5125557b5e27,0,0,4,5,0,0,0,0,0,0,2,1,0,0,0,0,0,3,0,0,0,0,4,5,0,0,0,0,0,0,2,1,0,0,0,0,0,3,0,0
c9125bee-eca4-49b6-b3a4-d34cb8994e1e,5,4,1,0,0,0,0,0,0,0,0,3,0,0,0,0,0,0,0,0,5,4,1,0,0,0,0,0,0,0,0,3,0,0,0,0,0,0,0,0
92c6071c-ad47-43b9-b292-c3beffcf67c2,0,1,0,2,0,0,0,0,0,0,3,0,0,0,0,0,5,0,0,4,0,1,0,2,0,0,0,0,0,0,3,0,0,0,0,0,5,0,0,4
13f832a1-cc88-42e7-a800-26b820bafb19,0,4,1,2,3,0,0,0,0,0,0,0,0,0,0,0,0,0,5,0,0,4,1,2,3,0,0,0,0,0,0,0,0,0,0,0,0,0,5,0
445a807b-4ffa-4f97-ab9f-5e414826b5ae,2,0,5,0,3,0,0,0,0,0,0,0,4,0,0,0,0,0,0,1,2,0,5,0,3,0,0,0,0,0,0,0,4,0,0,0,0,0,0,1
28ffc7b9-c769-4f84-bf99-f2e1e5634117,1,0,3,0,0,4,0,0,0,0,0,0,0,0,0,0,5,2,0,0,1,0,3,0,0,4,0,0,0,0,0,0,0,0,0,0,5,2,0,0
5601389d-31c4-4b51-9fd4-0dc0b4e84ac5,0,1,5,0,0,0,0,0,0,0,0,2,4,0,0,0,0,0,3,0,0,1,5,0,0,0,0,0,0,0,0,2,4,0,0,0,0,0,3,0
2fe5446b-811c-4add-a802-d112c0514829,5,0,0,0,3,0,0,0,0,0,0,1,0,4,0,0,0,2,0,0,5,0,0,0,3,0,0,0,0,0,0,1,0,4,0,0,0,2,0,0
8e3e5770-ef94-43bc-97ed-530946caaf1d,0,0,0,0,5,0,0,1,0,0,0,0,4,2,0,0,0,3,0,0,0,0,0,0,5,0,0,1,0,0,0,0,4,2,0,0,0,3,0,0
bac60544-4b3e-4a9b-939f-29daae0290b5,0,0,1,0,4,0,0,0,0,0,0,0,0,0,0,0,0,2,5,3,0,0,1,0,4,0,0,0,0,0,0,0,0,0,0,0,0,2,5,3
79e11e77-db6f-48e0-b63d-ffc014c697dd,2,3,0,0,0,0,0,0,0,0,0,0,4,0,1,0,0,5,0,0,2,3,0,0,0,0,0,0,0,0,0,0,4,0,1,0,0,5,0,0
8612b944-e69a-4ba1-9e94-e88b14b0e0a6,0,0,2,4,0,0,0,0,0,0,1,5,0,0,0,0,0,0,3,0,0,0,2,4,0,0,0,0,0,0,1,5,0,0,0,0,0,0,3,0
6e7fb6c7-2c85-4ed3-abf4-682d510018f7,2,0,0,3,1,0,0,0,0,0,0,0,0,0,0,0,0,5,4,0,2,0,0,3,1,0,0,0,0,0,0,0,0,0,0,0,0,5,4,0
201d1d33-bbfd-4e42-ad7d-3a8d57e94e64,2,0,5,0,1,0,0,0,0,0,0,0,0,4,0,0,0,3,0,0,2,0,5,0,1,0,0,0,0,0,0,0,0,4,0,0,0,3,0,0
894c2f06-1c34-48e1-8469-2b44a6709d4d,2,1,0,0,5,0,3,0,0,0,0,0,4,0,0,0,0,0,0,0,2,1,0,0,5,0,3,0,0,0,0,0,4,0,0,0,0,0,0,0
e6ae5f56-f452-4e30-979f-c8fd25ea44c2,3,2,5,0,0,0,0,0,0,0,4,1,0,0,0,0,0,0,0,0,3,2,5,0,0,0,0,0,0,0,4,1,0,0,0,0,0,0,0,0
26e632c8-4c78-402b-8826-242db28913b6,0,0,0,5,0,0,0,0,0,0,0,0,1,0,3,0,4,2,0,0,0,0,0,5,0,0,0,0,0,0,0,0,1,0,3,0,4,2,0,0
bcf02076-0bad-4a05-86c7-4b19c7e59d8e,5,0,0,4,2,0,0,0,0,0,3,0,0,0,0,0,0,0,1,0,5,0,0,4,2,0,0,0,0,0,3,0,0,0,0,0,0,0,1,0
f2eee8c4-c376-45a7-b436-3abb00b7bcc8,3,2,0,0,0,0,0,0,0,0,0,0,0,1,0,0,0,4,5,0,3,2,0,0,0,0,0,0,0,0,0,0,0,1,0,0,0,4,5,0
9ad25b57-d097-4584-ad60-7a8053a2981c,5,2,0,0,0,0,0,0,0,1,0,0,0,0,0,0,0,4,0,3,5,2,0,0,0,0,0,0,0,1,0,0,0,0,0,0,0,4,0,3
5ace6f1f-0773-405a-8e85-cbdfb4c46f81,0,0,1,0,0,0,0,0,0,0,0,4,3,5,2,0,0,0,0,0,0,0,1,0,0,0,0,0,0,0,0,4,3,5,2,0,0,0,0,0
d4596277-6caa-45f0-a25b-84f9291a28c2,0,0,0,0,5,3,0,0,0,0,0,0,0,0,0,0,4,2,0,0,0,0,0,0,5,3,0,0,0,0,0,0,0,0,0,0,4,2,0,0
316eba13-290c-4f98-9e25-945752d1bda3,0,0,5,0,4,0,0,0,0,0,0,1,2,0,0,0,0,0,0,3,0,0,5,0,4,0,0,0,0,0,0,1,2,0,0,0,0,0,0,3
e0cc2592-cb8c-4c83-aa3e-1fc356f2252d,5,2,0,4,0,0,0,0,0,0,0,1,0,3,0,0,0,0,0,0,5,2,0,4,0,0,0,0,0,0,0,1,0,3,0,0,0,0,0,0
e3c10204-b7bf-4805-b5a6-c8ebf8c838a5,5,0,3,0,4,0,0,0,0,0,0,0,0,0,0,0,0,1,2,0,5,0,3,0,4,0,0,0,0,0,0,0,0,0,0,0,0,1,2,0
b6e336ee-ab5b-4ba2-9607-2bdf1c654fb8,5,0,3,2,1,0,0,0,0,0,0,0,0,0,0,0,0,0,4,0,5,0,3,2,1,0,0,0,0,0,0,0,0,0,0,0,0,0,4,0
43a21c44-d7eb-46c1-af7f-8e24903ed8fc,0,0,0,5,4,0,0,0,0,0,0,0,0,0,1,0,0,3,2,0,0,0,0,5,4,0,0,0,0,0,0,0,0,0,1,0,0,3,2,0
4d8dbf58-d2f5-443b-abd0-458f9abeadb6,0,5,0,0,1,0,0,0,0,0,2,3,0,0,0,0,0,0,0,4,0,5,0,0,1,0,0,0,0,0,2,3,0,0,0,0,0,0,0,4
08cc5807-5a29-4a4b-83dc-ff82a658518a,0,0,0,0,0,0,4,0,1,0,0,5,2,0,0,3,0,0,0,0,0,0,0,0,0,0,4,0,1,0,0,5,2,0,0,3,0,0,0,0
7c788a60-76fb-479a-91b6-15870c456586,0,3,0,4,5,0,0,0,0,0,0,0,0,0,2,0,0,1,0,0,0,3,0,4,5,0,0,0,0,0,0,0,0,0,2,0,0,1,0,0
e22a596f-19a2-43fa-af98-a4ff019cef40,5,4,0,0,0,0,0,0,0,0,1,0,0,2,0,0,0,3,0,0,5,4,0,0,0,0,0,0,0,0,1,0,0,2,0,0,0,3,0,0
b3822df6-3399-445c-b0a7-5c34dad3fe0a,1,0,3,0,0,0,0,2,0,0,0,5,4,0,0,0,0,0,0,0,1,0,3,0,0,0,0,2,0,0,0,5,4,0,0,0,0,0,0,0
10d3e336-692c-491f-8329-e8e73805417c,0,0,0,5,2,0,0,0,1,0,3,0,0,0,0,0,4,0,0,0,0,0,0,5,2,0,0,0,1,0,3,0,0,0,0,0,4,0,0,0
ee503381-2c57-46c2-9b26-90aaf53057b0,0,0,0,5,0,0,0,0,1,0,0,0,0,0,0,0,0,4,3,2,0,0,0,5,0,0,0,0,1,0,0,0,0,0,0,0,0,4,3,2
e3d7f443-b872-4e93-8fb7-ed5e8eeb7714,0,5,1,3,0,0,0,0,0,0,0,0,0,0,0,0,0,4,0,2,0,5,1,3,0,0,0,0,0,0,0,0,0,0,0,0,0,4,0,2
f588c151-7ba9-4512-a797-755194780b64,0,2,5,4,0,0,0,1,0,0,0,0,0,0,0,0,0,0,3,0,0,2,5,4,0,0,0,1,0,0,0,0,0,0,0,0,0,0,3,0
312d9d7d-bd0f-4656-bd3a-19579105a43f,0,0,0,5,1,0,0,0,0,0,0,0,0,4,0,0,0,2,3,0,0,0,0,5,1,0,0,0,0,0,0,0,0,4,0,0,0,2,3,0
ca090ed9-25f1-4d30-b324-95bdf5b19fc6,3,2,4,0,0,0,0,1,0,0,0,0,0,5,0,0,0,0,0,0,3,2,4,0,0,0,0,1,0,0,0,0,0,5,0,0,0,0,0,0
7f5c2e56-a6c8-45ef-9adf-b68411e403ee,4,0,0,2,0,0,0,0,0,0,3,0,0,0,0,0,0,0,1,5,4,0,0,2,0,0,0,0,0,0,3,0,0,0,0,0,0,0,1,5
fef22f74-a72f-4dab-ab04-9b97feb9c8de,2,0,0,5,4,0,1,0,0,0,3,0,0,0,0,0,0,0,0,0,2,0,0,5,4,0,1,0,0,0,3,0,0,0,0,0,0,0,0,0
e2df0f0b-b523-4bfe-af30-0bd567b90bb9,5,3,0,0,2,0,0,0,0,0,0,0,1,0,0,0,0,0,4,0,5,3,0,0,2,0,0,0,0,0,0,0,1,0,0,0,0,0,4,0
9f76d411-22bf-4085-898f-74f8ed8b0962,5,4,0,0,1,0,0,0,0,0,0,0,0,0,0,0,0,2,3,0,5,4,0,0,1,0,0,0,0,0,0,0,0,0,0,0,0,2,3,0
908636b6-1db1-4e95-87ad-b259476f952c,0,0,0,5,0,0,0,0,0,0,0,0,0,0,2,0,3,1,4,0,0,0,0,5,0,0,0,0,0,0,0,0,0,0,2,0,3,1,4,0
70b35a1d-5c51-4a10-bcdb-625a9bd9f821,0,5,0,3,0,0,0,0,0,0,0,0,2,4,0,0,0,1,0,0,0,5,0,3,0,0,0,0,0,0,0,0,2,4,0,0,0,1,0,0
550c1950-b91e-4667-aa9c-9b238bde2604,5,4,3,2,0,0,0,0,0,0,0,0,0,0,0,0,0,0,1,0,5,4,3,2,0,0,0,0,0,0,0,0,0,0,0,0,0,0,1,0
09006212-17d1-4618-b7cb-1b462522736c,0,0,0,2,0,0,0,1,3,0,4,0,0,0,0,0,0,0,0,5,0,0,0,2,0,0,0,1,3,0,4,0,0,0,0,0,0,0,0,5
1bc25c52-9e04-4345-b330-d268550a8cfa,0,0,3,0,0,0,0,0,0,0,0,0,1,0,0,0,0,2,4,5,0,0,3,0,0,0,0,0,0,0,0,0,1,0,0,0,0,2,4,5
762ec3bf-bdb3-4cc9-a38e-1b609b50da79,5,0,0,0,0,0,0,0,2,0,1,0,0,4,0,0,0,0,3,0,5,0,0,0,0,0,0,0,2,0,1,0,0,4,0,0,0,0,3,0
2d634f24-da4a-4f53-879f-3edab0e68543,5,4,0,0,3,0,0,0,0,0,0,0,0,2,1,0,0,0,0,0,5,4,0,0,3,0,0,0,0,0,0,0,0,2,1,0,0,0,0,0
b83093c8-ec35-43f7-a222-6a99d7b97588,1,0,0,0,0,0,0,0,0,0,3,0,0,0,0,0,0,2,4,5,1,0,0,0,0,0,0,0,0,0,3,0,0,0,0,0,0,2,4,5
e14f6b72-4172-4c88-b1a9-c2c8816703d3,0,5,0,0,0,0,0,4,0,0,0,0,0,0,2,0,0,0,1,3,0,5,0,0,0,0,0,4,0,0,0,0,0,0,2,0,0,0,1,3
900f7b75-2c53-405c-b91a-13f51cf0d3b5,4,0,0,5,0,0,2,0,0,0,0,0,0,0,0,1,0,3,0,0,4,0,0,5,0,0,2,0,0,0,0,0,0,0,0,1,0,3,0,0
fd78f772-0ee0-425e-8d1b-3ecf5862207f,5,4,1,0,0,0,0,0,0,0,3,0,0,0,0,0,0,0,0,2,5,4,1,0,0,0,0,0,0,0,3,0,0,0,0,0,0,0,0,2
c1ff0cae-fb36-4814-be47-a396a35e77f9,3,5,0,0,0,0,0,0,0,0,0,0,0,4,0,0,0,2,0,0,3,5,0,0,0,0,0,0,0,0,0,0,0,4,0,0,0,2,0,0
1d23a0e3-7ea2-4f41-a18e-877f8802c482,0,1,0,0,0,0,0,2,3,0,4,0,0,0,0,0,0,0,0,5,0,1,0,0,0,0,0,2,3,0,4,0,0,0,0,0,0,0,0,5
2d2bf289-751b-47bc-9b6c-b0742468f183,5,2,0,1,0,0,0,0,0,0,0,0,0,0,0,0,0,0,3,4,5,2,0,1,0,0,0,0,0,0,0,0,0,0,0,0,0,0,3,4
bd576c67-d40f-4ba2-be9f-ca28e5ff4401,0,0,0,5,3,0,0,0,0,0,0,0,0,4,0,0,0,1,0,2,0,0,0,5,3,0,0,0,0,0,0,0,0,4,0,0,0,1,0,2
cb261bca-eebf-42e4-a5fa-06eed8bc195e,1,5,0,0,2,0,0,0,0,0,0,0,0,4,0,0,0,0,0,3,1,5,0,0,2,0,0,0,0,0,0,0,0,4,0,0,0,0,0,3
7e5ec9b4-549a-4dd2-8080-77c9d509b68e,1,0,2,3,0,0,0,0,0,0,0,0,0,0,0,0,0,0,5,4,1,0,2,3,0,0,0,0,0,0,0,0,0,0,0,0,0,0,5,4
40bda4dc-8eab-4a5d-acbd-f89c9f7df3d0,4,2,0,0,0,0,0,0,0,0,0,0,0,1,0,0,0,3,5,0,4,2,0,0,0,0,0,0,0,0,0,0,0,1,0,0,0,3,5,0
02115c48-399e-4e6d-9fa8-7b8ca12aa53d,3,0,0,5,2,0,0,4,0,0,0,0,0,0,0,0,0,0,0,1,3,0,0,5,2,0,0,4,0,0,0,0,0,0,0,0,0,0,0,1
35cf2e0d-6866-43aa-9c92-4e00777880e7,0,5,4,0,2,0,3,0,0,0,0,0,0,0,0,1,0,0,0,0,0,5,4,0,2,0,3,0,0,0,0,0,0,0,0,1,0,0,0,0
cd0cd24b-3cba-4079-99d4-bedcd2aadb50,1,0,4,0,0,0,0,0,0,0,0,0,0,0,0,0,0,5,3,2,1,0,4,0,0,0,0,0,0,0,0,0,0,0,0,0,0,5,3,2
9ab5c040-26b8-4c68-bf9a-c5063c9a8c00,5,2,4,0,3,0,0,0,0,0,0,0,0,0,0,0,0,1,0,0,5,2,4,0,3,0,0,0,0,0,0,0,0,0,0,0,0,1,0,0
16ff13d9-212f-4fc7-a211-ab50786b24aa,0,0,5,0,0,0,0,0,1,0,0,0,3,0,4,0,0,2,0,0,0,0,5,0,0,0,0,0,1,0,0,0,3,0,4,0,0,2,0,0
e382dbf1-3e71-4af0-a4a4-38dec9b0de52,0,0,0,0,5,0,0,2,0,0,0,0,0,0,0,0,0,3,0,4,0,0,0,0,5,0,0,2,0,0,0,0,0,0,0,0,0,3,0,4
06226bc9-c24f-4ce7-8c47-d87b830e3df6,0,5,0,0,2,0,0,3,0,0,0,0,0,0,0,0,0,1,0,4,0,5,0,0,2,0,0,3,0,0,0,0,0,0,0,0,0,1,0,4
82d7aae5-7b3b-46d4-9967-acf4946e19df,1,0,0,0,3,0,0,0,0,0,2,0,0,0,0,0,0,5,0,4,1,0,0,0,3,0,0,0,0,0,2,0,0,0,0,0,0,5,0,4
e62676f0-4923-4e03-90be-d899e21c1b86,0,0,0,2,0,4,0,1,0,0,0,0,0,0,3,0,5,0,0,0,0,0,0,2,0,4,0,1,0,0,0,0,0,0,3,0,5,0,0,0
b9127a5c-a22f-40d9-8869-3225ca7d70f3,3,0,0,2,1,0,0,0,0,0,0,0,0,4,0,0,0,5,0,0,3,0,0,2,1,0,0,0,0,0,0,0,0,4,0,0,0,5,0,0
c1ada2a1-d1a9-4d6b-a4a1-539d1786030c,3,0,0,0,5,0,0,4,0,0,0,0,0,2,0,0,0,1,0,0,3,0,0,0,5,0,0,4,0,0,0,0,0,2,0,0,0,1,0,0
1b1c1560-32a9-4a3d-bfa0-b3d2cafcd85c,2,5,0,0,0,0,0,0,0,0,0,0,1,4,0,0,0,3,0,0,2,5,0,0,0,0,0,0,0,0,0,0,1,4,0,0,0,3,0,0
8f62c564-0134-47b1-bf2f-c1b119e78bf9,0,0,0,3,0,2,0,0,0,0,1,0,0,0,4,0,5,0,0,0,0,0,0,3,0,2,0,0,0,0,1,0,0,0,4,0,5,0,0,0
0bffaf6a-c726-4229-b55c-01e3965d013a,3,0,0,0,0,0,0,2,0,0,4,0,0,1,0,0,0,5,0,0,3,0,0,0,0,0,0,2,0,0,4,0,0,1,0,0,0,5,0,0
88fb273f-750c-4afe-b3aa-a79ad188ce68,0,2,0,0,0,0,0,0,0,0,0,0,1,3,0,0,0,0,4,5,0,2,0,0,0,0,0,0,0,0,0,0,1,3,0,0,0,0,4,5
4d9b0daa-246d-4aae-9321-4cfdf0be8597,0,4,2,5,0,0,0,0,0,0,0,0,0,0,3,0,0,1,0,0,0,4,2,5,0,0,0,0,0,0,0,0,0,0,3,0,0,1,0,0
988a1353-b46a-47a4-a18c-948ad6a662b5,0,0,5,0,0,0,3,0,0,0,0,0,0,0,0,2,0,4,0,1,0,0,5,0,0,0,3,0,0,0,0,0,0,0,0,2,0,4,0,1
8ef1f86a-e587-4300-84d4-925c17358199,0,2,0,4,0,0,0,0,0,0,1,0,0,0,0,0,0,5,3,0,0,2,0,4,0,0,0,0,0,0,1,0,0,0,0,0,0,5,3,0
28799b2b-50af-4225-914c-a15650881cbb,0,5,0,0,3,0,1,0,2,0,0,0,0,0,0,0,0,0,4,0,0,5,0,0,3,0,1,0,2,0,0,0,0,0,0,0,0,0,4,0
a0ac4a0e-8470-4222-b6db-f6c18a331c49,0,0,0,5,4,0,0,0,2,0,3,0,1,0,0,0,0,0,0,0,0,0,0,5,4,0,0,0,2,0,3,0,1,0,0,0,0,0,0,0
74ee95fd-bb05-4fe3-8f43-dfa27b4214a3,0,0,5,3,2,0,0,0,0,0,0,0,0,0,0,0,1,0,0,4,0,0,5,3,2,0,0,0,0,0,0,0,0,0,0,0,1,0,0,4
df1ce9cc-0af2-44c1-b274-02c1e00dec3c,3,0,4,5,2,0,0,0,0,0,1,0,0,0,0,0,0,0,0,0,3,0,4,5,2,0,0,0,0,0,1,0,0,0,0,0,0,0,0,0
ee5edc71-6965-40a3-b3e8-0ac84759f48a,5,4,0,3,0,0,0,0,0,0,1,0,0,0,0,0,0,2,0,0,5,4,0,3,0,0,0,0,0,0,1,0,0,0,0,0,0,2,0,0
acd644c1-aa70-4949-a722-4658c3cb52ae,3,5,1,2,0,0,0,0,0,0,0,0,0,4,0,0,0,0,0,0,3,5,1,2,0,0,0,0,0,0,0,0,0,4,0,0,0,0,0,0
e2f1c579-afa9-4bae-bf08-652793737f85,5,1,0,4,2,0,0,0,0,0,0,0,0,0,0,0,0,0,0,3,5,1,0,4,2,0,0,0,0,0,0,0,0,0,0,0,0,0,0,3
0abd8da3-f4b9-4557-82ec-a1e688657b8f,4,0,1,3,0,0,0,0,0,0,0,0,0,0,0,0,0,0,5,2,4,0,1,3,0,0,0,0,0,0,0,0,0,0,0,0,0,0,5,2
6d5fb4dc-1076-4246-9a76-c17824268d17,5,0,0,0,0,0,0,0,0,0,2,0,0,0,4,0,0,1,0,3,5,0,0,0,0,0,0,0,0,0,2,0,0,0,4,0,0,1,0,3
5a308f40-ba12-4a20-9ab9-2e30a66b74de,5,4,0,2,0,0,0,0,0,0,0,1,0,0,0,0,0,0,0,3,5,4,0,2,0,0,0,0,0,0,0,1,0,0,0,0,0,0,0,3
9d97a088-b26e-406b-abda-24fbce301380,2,3,0,4,0,0,0,0,0,0,0,0,0,0,0,0,0,1,5,0,2,3,0,4,0,0,0,0,0,0,0,0,0,0,0,0,0,1,5,0
e6c77aaf-86c8-4e88-bc9d-e12e502f1f4c,5,0,0,0,3,0,0,1,0,0,0,0,0,0,0,0,0,0,2,4,5,0,0,0,3,0,0,1,0,0,0,0,0,0,0,0,0,0,2,4
4f05dbeb-9bee-4956-a1fa-7024a914c863,5,0,0,4,0,1,0,0,0,0,0,0,0,0,0,0,0,2,3,0,5,0,0,4,0,1,0,0,0,0,0,0,0,0,0,0,0,2,3,0
adb13a33-71dc-422f-8bde-ead7d146acab,0,5,2,0,0,0,0,1,0,0,0,0,0,4,0,0,0,3,0,0,0,5,2,0,0,0,0,1,0,0,0,0,0,4,0,0,0,3,0,0
9c310bd9-8dce-464f-bd83-bd7f2285412d,1,0,2,0,0,0,0,0,3,0,0,4,0,0,0,0,0,0,5,0,1,0,2,0,0,0,0,0,3,0,0,4,0,0,0,0,0,0,5,0
28284026-09d6-4bda-a90c-7e38ba98ecaa,0,0,0,5,0,0,0,0,1,0,2,0,4,0,0,0,0,3,0,0,0,0,0,5,0,0,0,0,1,0,2,0,4,0,0,0,0,3,0,0
e8cda91f-647a-4c81-85cf-965c370c44de,0,5,2,1,3,0,0,0,0,0,0,0,0,4,0,0,0,0,0,0,0,5,2,1,3,0,0,0,0,0,0,0,0,4,0,0,0,0,0,0
e68fd558-aac9-4463-8f14-65960c3c234b,0,0,1,0,3,0,0,0,0,0,5,2,0,0,0,0,0,0,0,4,0,0,1,0,3,0,0,0,0,0,5,2,0,0,0,0,0,0,0,4
cc9c403b-f4fc-4415-a91f-8422f8c9688b,5,0,1,0,0,0,0,2,3,0,0,0,0,4,0,0,0,0,0,0,5,0,1,0,0,0,0,2,3,0,0,0,0,4,0,0,0,0,0,0
a411709a-c217-4254-82dc-b20f0305f00d,1,0,0,0,2,0,0,0,0,0,0,3,0,0,0,0,0,5,0,4,1,0,0,0,2,0,0,0,0,0,0,3,0,0,0,0,0,5,0,4
1891ac86-0cef-4ae4-b3d7-e9afb9231a05,3,0,0,0,5,0,0,0,0,0,0,0,0,4,0,0,1,0,2,0,3,0,0,0,5,0,0,0,0,0,0,0,0,4,0,0,1,0,2,0
00ea5593-9f66-441c-9e4d-f50103d94db0,3,0,1,0,0,2,0,0,0,0,0,0,0,0,0,0,4,5,0,0,3,0,1,0,0,2,0,0,0,0,0,0,0,0,0,0,4,5,0,0
6820c75e-838d-46d7-b980-3cd0974cadc6,5,0,4,0,0,0,0,0,0,0,1,3,0,0,0,0,0,0,0,2,5,0,4,0,0,0,0,0,0,0,1,3,0,0,0,0,0,0,0,2
90b271af-d6e8-4731-8928-628115d10e42,3,0,4,2,1,0,0,0,0,0,0,0,0,0,0,0,5,0,0,0,3,0,4,2,1,0,0,0,0,0,0,0,0,0,0,0,5,0,0,0
5e942ce7-24f2-43a6-85af-d8333119e016,3,0,0,2,0,0,0,0,0,0,0,4,0,0,1,0,0,0,0,5,3,0,0,2,0,0,0,0,0,0,0,4,0,0,1,0,0,0,0,5
e44eae2a-3f3b-4048-9f5d-e63e6e6d8d6e,4,2,5,0,0,0,0,0,0,0,0,0,0,3,0,0,0,1,0,0,4,2,5,0,0,0,0,0,0,0,0,0,0,3,0,0,0,1,0,0
01f32d53-55df-46a8-95d4-ddf44425a269,4,2,0,0,3,0,0,0,0,0,0,0,0,5,0,0,0,0,0,1,4,2,0,0,3,0,0,0,0,0,0,0,0,5,0,0,0,0,0,1
66c0058c-4c6c-4fc7-b39e-22edb133ff8d,4,0,0,0,0,0,0,2,0,0,3,1,0,0,0,0,0,5,0,0,4,0,0,0,0,0,0,2,0,0,3,1,0,0,0,0,0,5,0,0
e11bfffc-f511-4def-980d-26833da7c423,0,2,0,0,4,0,0,0,0,0,0,0,3,1,0,0,0,0,5,0,0,2,0,0,4,0,0,0,0,0,0,0,3,1,0,0,0,0,5,0
7930419f-6ac4-483e-9999-b8197e362c26,1,4,3,0,0,0,0,0,0,0,0,0,0,0,0,0,0,0,5,2,1,4,3,0,0,0,0,0,0,0,0,0,0,0,0,0,0,0,5,2
5c36a58b-11cd-4b7a-9e22-93c16f88fcaf,0,0,5,0,1,0,0,0,0,0,0,0,0,0,4,0,3,0,2,0,0,0,5,0,1,0,0,0,0,0,0,0,0,0,4,0,3,0,2,0
63d3b852-6feb-45d2-94fc-f70f8a695206,5,0,0,0,0,0,0,0,1,0,0,2,0,0,0,0,0,0,4,3,5,0,0,0,0,0,0,0,1,0,0,2,0,0,0,0,0,0,4,3
8ac1e2ba-2656-4186-8caa-737ff8e10cd6,0,4,1,0,0,0,0,0,0,0,0,0,0,2,0,0,0,3,5,0,0,4,1,0,0,0,0,0,0,0,0,0,0,2,0,0,0,3,5,0
abd197ba-a3d3-456d-ac09-c554f0b27e62,0,4,5,0,0,0,2,0,0,1,0,0,3,0,0,0,0,0,0,0,0,4,5,0,0,0,2,0,0,1,0,0,3,0,0,0,0,0,0,0
2c6d4ee2-22e3-4853-8341-df91e0f3b18e,1,0,0,4,0,0,0,0,0,0,3,0,0,0,0,0,0,5,0,2,1,0,0,4,0,0,0,0,0,0,3,0,0,0,0,0,0,5,0,2
55e29026-5f36-4101-8b6b-e78fae81385a,0,0,3,0,5,0,0,0,0,0,0,0,1,4,0,0,0,2,0,0,0,0,3,0,5,0,0,0,0,0,0,0,1,4,0,0,0,2,0,0
c4bfa7dc-d72a-4ef0-9401-355e5233e773,5,0,0,1,4,0,0,0,0,0,0,0,0,2,0,0,0,0,3,0,5,0,0,1,4,0,0,0,0,0,0,0,0,2,0,0,0,0,3,0
914ad4a2-2c18-4767-b104-09bb29a8f77c,0,0,0,4,0,0,1,0,0,0,0,3,0,0,2,0,0,0,5,0,0,0,0,4,0,0,1,0,0,0,0,3,0,0,2,0,0,0,5,0
8cb39de1-6236-41f2-bd2f-606b5e30b407,0,5,0,0,0,0,0,0,0,0,0,0,0,3,0,0,0,4,0,0,0,5,0,0,0,0,0,0,0,0,0,0,0,3,0,0,0,4,0,0
75815b6e-efdf-4735-8f4d-54826286c440,5,0,0,0,0,0,0,0,0,0,2,0,0,0,1,0,0,4,0,3,5,0,0,0,0,0,0,0,0,0,2,0,0,0,1,0,0,4,0,3
1ed6bb39-ffdd-42fb-9335-5878a1106876,4,0,0,5,3,0,0,0,1,0,0,0,0,0,0,0,2,0,0,0,4,0,0,5,3,0,0,0,1,0,0,0,0,0,0,0,2,0,0,0
a0774c4b-036f-4486-ac3c-b4f85de86343,4,0,2,0,0,0,0,0,0,0,0,0,3,5,0,0,0,1,0,0,4,0,2,0,0,0,0,0,0,0,0,0,3,5,0,0,0,1,0,0
d7123119-d15b-482d-a1ba-d97126d844db,0,5,1,4,0,0,0,0,0,0,0,0,0,0,3,0,0,0,0,2,0,5,1,4,0,0,0,0,0,0,0,0,0,0,3,0,0,0,0,2
7d19a40f-567c-493b-b4de-a6a0a082bef5,5,0,4,0,3,0,0,2,0,0,0,0,0,1,0,0,0,0,0,0,5,0,4,0,3,0,0,2,0,0,0,0,0,1,0,0,0,0,0,0
2c121cab-7d22-4c6d-88ee-4e24aa15aa03,0,0,0,5,2,0,0,0,0,0,0,0,4,0,0,0,0,0,3,1,0,0,0,5,2,0,0,0,0,0,0,0,4,0,0,0,0,0,3,1
78f3bac0-b18a-4ba2-82d5-ea40ac6c875f,4,5,0,0,0,0,0,0,0,0,0,1,0,2,0,0,0,3,0,0,4,5,0,0,0,0,0,0,0,0,0,1,0,2,0,0,0,3,0,0
b76e2227-ba10-4315-9745-9155f128ec08,0,0,0,5,0,0,0,0,0,0,0,1,2,0,0,0,3,0,4,0,0,0,0,5,0,0,0,0,0,0,0,1,2,0,0,0,3,0,4,0
057e62cc-db6b-4df2-b6f9-601cd3235c76,5,3,1,0,4,0,0,0,0,0,0,0,2,0,0,0,0,0,0,0,5,3,1,0,4,0,0,0,0,0,0,0,2,0,0,0,0,0,0,0
680f8dd5-6aa0-4ed0-9477-43e178132cf5,3,0,0,5,2,0,0,1,0,0,0,0,0,0,0,0,0,0,4,0,3,0,0,5,2,0,0,1,0,0,0,0,0,0,0,0,0,0,4,0
2f587e9f-acc6-4187-82e9-f52e7fa5af81,5,3,0,0,0,0,0,0,0,0,2,0,0,4,0,0,0,0,0,1,5,3,0,0,0,0,0,0,0,0,2,0,0,4,0,0,0,0,0,1
f5bf1afd-d6d0-402f-a1a2-3b0ad63fb075,0,0,0,5,0,0,0,0,0,1,0,0,3,0,0,2,4,0,0,0,0,0,0,5,0,0,0,0,0,1,0,0,3,0,0,2,4,0,0,0
e3510d0a-63ec-4d84-9a11-b1334597d903,0,0,0,0,1,4,0,0,2,0,0,0,0,0,3,0,5,0,0,0,0,0,0,0,1,4,0,0,2,0,0,0,0,0,3,0,5,0,0,0
fb02efb1-7b9e-46c2-9302-d2f8ea594fd8,0,0,0,0,2,0,0,0,0,0,3,4,0,0,0,0,0,0,1,5,0,0,0,0,2,0,0,0,0,0,3,4,0,0,0,0,0,0,1,5
a6f741ad-9db3-459c-b999-1631c7e7ac5e,0,0,0,5,0,4,0,0,0,0,0,3,0,1,0,0,0,0,2,0,0,0,0,5,0,4,0,0,0,0,0,3,0,1,0,0,0,0,2,0
765f03af-ca3c-46d4-b346-5161edd8906f,2,5,0,4,1,0,0,0,0,0,0,0,0,0,0,0,0,3,0,0,2,5,0,4,1,0,0,0,0,0,0,0,0,0,0,0,0,3,0,0
ccef9c3b-d1e6-40d6-b08e-dd162806df40,5,4,0,0,0,0,0,0,0,0,2,0,0,0,0,0,0,0,1,3,5,4,0,0,0,0,0,0,0,0,2,0,0,0,0,0,0,0,1,3
8fa14dcd-970a-4ee5-9622-c3367f049b69,3,0,0,0,0,2,0,1,0,0,0,0,4,0,0,0,0,5,0,0,3,0,0,0,0,2,0,1,0,0,0,0,4,0,0,0,0,5,0,0
08b959da-c572-42c7-99a3-f74970bd786f,0,2,0,4,1,0,0,0,0,0,0,0,3,0,0,0,0,0,5,0,0,2,0,4,1,0,0,0,0,0,0,0,3,0,0,0,0,0,5,0
e3c7e525-2abd-4d13-8c81-0290c15417b9,2,0,0,1,0,0,0,0,0,0,0,3,0,0,5,0,0,4,0,0,2,0,0,1,0,0,0,0,0,0,0,3,0,0,5,0,0,4,0,0
adc20cef-21ef-4120-94a2-b8ee180650c3,0,2,0,5,1,0,0,0,0,0,0,0,4,0,3,0,0,0,0,0,0,2,0,5,1,0,0,0,0,0,0,0,4,0,3,0,0,0,0,0
0918396c-1ce4-41d0-a93c-df9ededbb1a7,0,4,0,5,2,0,0,0,0,0,0,0,1,0,0,0,0,0,3,0,0,4,0,5,2,0,0,0,0,0,0,0,1,0,0,0,0,0,3,0
0ad7db6f-e694-45cb-b1b5-686bfbf3a8f1,0,0,0,5,1,0,3,0,0,2,0,0,0,0,0,4,0,0,0,0,0,0,0,5,1,0,3,0,0,2,0,0,0,0,0,4,0,0,0,0
591fd729-2d2d-4bf1-9ce9-77b6dad4af05,4,0,0,0,3,0,0,0,0,0,0,2,1,0,0,0,0,0,5,0,4,0,0,0,3,0,0,0,0,0,0,2,1,0,0,0,0,0,5,0
7895f236-2f27-4778-84fc-1a096149f68b,0,4,0,2,0,0,0,0,0,0,0,0,3,0,1,0,0,0,5,0,0,4,0,2,0,0,0,0,0,0,0,0,3,0,1,0,0,0,5,0
119f483b-3610-4c69-b515-6de5235d5710,5,3,0,0,0,0,0,0,0,0,1,0,0,0,2,0,4,0,0,0,5,3,0,0,0,0,0,0,0,0,1,0,0,0,2,0,4,0,0,0
60b099fa-3c27-40ca-b674-002148ac52cc,0,0,0,4,0,0,0,2,0,0,0,0,3,1,0,0,0,0,5,0,0,0,0,4,0,0,0,2,0,0,0,0,3,1,0,0,0,0,5,0
830dad96-9953-47b4-9de7-56c122f8c22e,0,0,0,3,4,0,0,0,0,0,1,0,0,0,0,0,0,0,5,2,0,0,0,3,4,0,0,0,0,0,1,0,0,0,0,0,0,0,5,2
a7b3e311-2478-4883-bdae-c3308ca24416,0,0,3,4,0,0,0,2,0,0,0,0,0,0,0,0,0,5,0,0,0,0,3,4,0,0,0,2,0,0,0,0,0,0,0,0,0,5,0,0
edcf195f-0d70-4dab-bd24-291c0e844b2d,2,0,0,3,5,0,0,0,0,0,0,0,1,4,0,0,0,0,0,0,2,0,0,3,5,0,0,0,0,0,0,0,1,4,0,0,0,0,0,0
5f1c6e50-9e3b-4ede-adab-49081d1ad5c0,0,1,0,0,0,4,0,0,0,0,0,0,0,3,0,0,0,0,5,2,0,1,0,0,0,4,0,0,0,0,0,0,0,3,0,0,0,0,5,2
fb8f4830-955a-4c4b-a490-7e359439f9e4,0,2,0,5,0,0,0,0,0,0,0,4,3,0,0,0,1,0,0,0,0,2,0,5,0,0,0,0,0,0,0,4,3,0,0,0,1,0,0,0
c5400ef7-bda8-4321-af47-4bd10185a8df,1,3,0,0,2,0,0,0,0,0,0,0,4,5,0,0,0,0,0,0,1,3,0,0,2,0,0,0,0,0,0,0,4,5,0,0,0,0,0,0
b31953ae-ffc2-4252-a3ac-f10333684be9,0,0,0,0,0,0,0,4,3,0,0,0,0,0,0,0,0,1,2,5,0,0,0,0,0,0,0,4,3,0,0,0,0,0,0,0,0,1,2,5
3f0eaaad-ac9a-4da0-9314-43ac5c7209cf,1,2,4,5,0,0,0,0,0,0,0,0,0,3,0,0,0,0,0,0,1,2,4,5,0,0,0,0,0,0,0,0,0,3,0,0,0,0,0,0
463f2317-5187-4c74-a07b-eba4b506f1f8,0,0,0,5,3,1,0,0,0,0,0,0,0,0,2,0,0,0,4,0,0,0,0,5,3,1,0,0,0,0,0,0,0,0,2,0,0,0,4,0
30dd9bd2-dbf3-4443-bac1-180d4696d6da,3,2,5,0,0,0,0,0,1,0,4,0,0,0,0,0,0,0,0,0,3,2,5,0,0,0,0,0,1,0,4,0,0,0,0,0,0,0,0,0
40a6602c-9dff-4c85-85fe-f247d62bdb59,0,0,0,5,0,0,0,0,0,0,0,2,1,0,0,0,0,0,3,4,0,0,0,5,0,0,0,0,0,0,0,2,1,0,0,0,0,0,3,4
27dbf177-7026-4c2f-adce-3e4291533565,0,1,0,5,4,0,0,0,0,0,0,0,0,0,2,0,0,3,0,0,0,1,0,5,4,0,0,0,0,0,0,0,0,0,2,0,0,3,0,0
b5c4dbd3-1ebc-44be-9abb-a6b88b034d5f,5,0,4,3,0,0,0,0,0,0,0,0,0,2,0,0,0,0,0,1,5,0,4,3,0,0,0,0,0,0,0,0,0,2,0,0,0,0,0,1
dcfffe31-7f4b-4b8f-8dd2-f6f847305894,5,0,1,3,0,0,0,0,0,0,0,0,2,0,0,0,0,4,0,0,5,0,1,3,0,0,0,0,0,0,0,0,2,0,0,0,0,4,0,0
09fc222e-7fa4-417c-8b9a-b0868329fa5e,5,0,0,0,0,0,0,4,0,0,2,1,0,0,0,0,0,0,0,3,5,0,0,0,0,0,0,4,0,0,2,1,0,0,0,0,0,0,0,3
faef632e-40a7-4b45-80bd-cacf56fe1404,0,0,0,5,0,0,0,0,0,0,2,0,0,0,3,0,1,0,4,0,0,0,0,5,0,0,0,0,0,0,2,0,0,0,3,0,1,0,4,0
230b0e00-a656-4963-89dc-ab1179dabad4,0,3,5,1,2,0,0,0,0,0,0,0,0,0,0,0,0,0,0,0,0,3,5,1,2,0,0,0,0,0,0,0,0,0,0,0,0,0,0,0
3e110581-3c15-4119-b023-19c5a9b624e3,5,3,0,0,0,2,0,1,0,0,0,0,0,0,0,0,0,4,0,0,5,3,0,0,0,2,0,1,0,0,0,0,0,0,0,0,0,4,0,0
be6978a8-9454-4116-8a36-26c3ca4f1a79,3,4,0,1,0,0,0,0,0,0,0,0,0,0,0,0,0,2,5,0,3,4,0,1,0,0,0,0,0,0,0,0,0,0,0,0,0,2,5,0
5c717c5b-75b0-4f44-b4b8-9e837931e12c,5,0,0,0,1,0,0,2,0,0,3,0,0,0,0,0,0,4,0,0,5,0,0,0,1,0,0,2,0,0,3,0,0,0,0,0,0,4,0,0
6db5c395-7676-46d4-8dee-396e36b6fa2a,1,0,3,0,0,0,0,0,0,0,0,0,0,0,0,0,0,4,5,2,1,0,3,0,0,0,0,0,0,0,0,0,0,0,0,0,0,4,5,2
64f27bf0-bc2c-45bd-b9a4-62f9daa0b9f9,5,0,0,1,0,0,0,0,0,2,0,0,0,0,0,3,0,4,0,0,5,0,0,1,0,0,0,0,0,2,0,0,0,0,0,3,0,4,0,0
4f81faab-fcf8-4c12-81db-fddbc3b2f709,2,1,4,0,3,0,0,0,0,0,0,5,0,0,0,0,0,0,0,0,2,1,4,0,3,0,0,0,0,0,0,5,0,0,0,0,0,0,0,0
60e78af5-ca64-41d2-8057-5266ac72e8a9,0,5,1,3,0,0,0,0,0,0,0,2,0,0,0,0,0,4,0,0,0,5,1,3,0,0,0,0,0,0,0,2,0,0,0,0,0,4,0,0
9b9c50e1-9da0-4f3d-9a75-7497e19522af,0,1,5,4,0,0,0,0,0,0,0,0,0,0,2,0,0,0,3,0,0,1,5,4,0,0,0,0,0,0,0,0,0,0,2,0,0,0,3,0
bc53bb19-6c82-49ad-97ac-6d761bbd8613,5,1,0,0,0,0,0,0,0,0,0,0,3,2,0,0,0,4,0,0,5,1,0,0,0,0,0,0,0,0,0,0,3,2,0,0,0,4,0,0
5d872972-6500-459c-8d66-68204601fd0d,0,0,0,0,0,0,1,0,0,0,5,0,4,0,0,2,0,3,0,0,0,0,0,0,0,0,1,0,0,0,5,0,4,0,0,2,0,3,0,0
583fe7f4-705e-4e11-b3b5-c79481dc28a4,5,0,0,2,0,0,0,0,0,0,0,0,0,1,0,0,0,3,4,0,5,0,0,2,0,0,0,0,0,0,0,0,0,1,0,0,0,3,4,0
40e70221-28ec-4529-b7d1-9b897234a7c3,5,3,0,2,0,0,0,0,0,0,0,1,0,0,0,0,0,4,0,0,5,3,0,2,0,0,0,0,0,0,0,1,0,0,0,0,0,4,0,0
b173dfbf-4b68-4a06-bed4-11b048a09951,0,2,5,4,0,0,0,3,0,0,0,0,0,0,0,0,0,0,0,1,0,2,5,4,0,0,0,3,0,0,0,0,0,0,0,0,0,0,0,1
0a8689f9-296e-4433-aca4-d865008468d9,4,0,0,0,0,0,0,1,3,0,0,0,0,0,0,0,0,2,5,0,4,0,0,0,0,0,0,1,3,0,0,0,0,0,0,0,0,2,5,0
9619eaf0-5633-4757-b68d-5e8457b6e2ec,1,0,5,0,0,0,0,3,0,0,4,0,0,0,0,0,0,0,0,2,1,0,5,0,0,0,0,3,0,0,4,0,0,0,0,0,0,0,0,2
e88cc500-e128-4d19-b297-5bb02a42f267,0,0,0,5,0,0,0,2,0,0,3,1,0,0,0,0,0,0,0,4,0,0,0,5,0,0,0,2,0,0,3,1,0,0,0,0,0,0,0,4
0fd8d358-98ca-4f78-8a04-a80106be1e14,0,5,3,0,0,0,0,1,0,0,0,2,0,4,0,0,0,0,0,0,0,5,3,0,0,0,0,1,0,0,0,2,0,4,0,0,0,0,0,0
b2af1f60-84fa-45dc-984b-893016aaa931,0,0,0,0,5,0,0,0,0,0,1,0,0,0,3,0,2,4,0,0,0,0,0,0,5,0,0,0,0,0,1,0,0,0,3,0,2,4,0,0
6bd80093-600f-4f5a-8a35-088e1289e33b,0,0,0,0,3,0,0,2,0,0,4,0,0,0,0,0,0,0,0,5,0,0,0,0,3,0,0,2,0,0,4,0,0,0,0,0,0,0,0,5
368e90ca-0e06-436c-95ac-2255a5bd526d,0,0,0,4,0,0,0,0,0,0,0,0,0,1,0,2,3,0,5,0,0,0,0,4,0,0,0,0,0,0,0,0,0,1,0,2,3,0,5,0
63da0752-6e37-43a8-a686-82c30fd9f238,0,0,0,0,3,0,0,0,0,0,5,0,1,2,0,0,0,0,0,4,0,0,0,0,3,0,0,0,0,0,5,0,1,2,0,0,0,0,0,4
0743482e-61d7-4968-a76f-f61051e6bcd7,5,2,0,0,0,0,0,0,0,0,0,0,0,4,0,0,0,1,3,0,5,2,0,0,0,0,0,0,0,0,0,0,0,4,0,0,0,1,3,0
809d5f8c-3be7-4234-ac8c-047ff81d46c4,0,0,3,4,2,0,0,0,0,0,1,0,0,0,0,0,0,0,0,5,0,0,3,4,2,0,0,0,0,0,1,0,0,0,0,0,0,0,0,5
e18d9e90-594b-43ea-a85f-913719e712cf,5,2,0,0,3,0,0,0,0,0,0,0,4,0,0,0,0,1,0,0,5,2,0,0,3,0,0,0,0,0,0,0,4,0,0,0,0,1,0,0
0926b8d8-6dab-4abb-918d-76c72da80f0c,0,5,0,0,4,0,0,0,0,0,0,2,0,1,0,0,0,3,0,0,0,5,0,0,4,0,0,0,0,0,0,2,0,1,0,0,0,3,0,0
6cb3762c-8c38-4f94-93f9-65b6910eb245,5,1,0,3,0,0,0,0,0,0,0,0,0,0,0,0,0,2,0,4,5,1,0,3,0,0,0,0,0,0,0,0,0,0,0,0,0,2,0,4
bd33305f-95a8-4b0d-9e96-daaa66e3e192,0,0,5,0,1,0,0,0,0,0,0,4,3,0,0,0,0,2,0,0,0,0,5,0,1,0,0,0,0,0,0,4,3,0,0,0,0,2,0,0
7778396e-f668-40d9-8a4f-81de1c495734,1,0,5,4,0,0,0,0,0,0,0,0,0,0,3,0,2,0,0,0,1,0,5,4,0,0,0,0,0,0,0,0,0,0,3,0,2,0,0,0
87ccd561-cfe0-4f95-a088-e471db0cdc9d,4,0,0,1,0,0,0,0,0,0,2,5,0,0,0,0,0,0,3,0,4,0,0,1,0,0,0,0,0,0,2,5,0,0,0,0,0,0,3,0
54bea34d-3367-48ed-b55c-7102fc298c8f,0,0,2,5,0,0,0,0,0,0,0,0,0,0,4,0,0,0,3,1,0,0,2,5,0,0,0,0,0,0,0,0,0,0,4,0,0,0,3,1
2dd37863-9fa6-490c-b6a6-440a788722d8,0,0,0,0,3,0,2,0,0,5,0,0,4,0,0,0,0,0,1,0,0,0,0,0,3,0,2,0,0,5,0,0,4,0,0,0,0,0,1,0
5980c951-a2d1-49b3-b566-7485502c1fd2,0,0,0,5,0,0,0,0,0,0,1,4,0,0,3,0,0,0,2,0,0,0,0,5,0,0,0,0,0,0,1,4,0,0,3,0,0,0,2,0
b03675f7-a919-42fb-8d0f-fa05d4f52596,0,4,0,3,5,0,0,0,0,0,2,0,0,0,0,0,0,1,0,0,0,4,0,3,5,0,0,0,0,0,2,0,0,0,0,0,0,1,0,0
bc70367f-b314-4e8b-a22d-bca3203c674f,0,0,4,5,0,0,0,0,0,0,2,1,0,0,0,0,0,3,0,0,0,0,4,5,0,0,0,0,0,0,2,1,0,0,0,0,0,3,0,0
63a7afd2-69ca-42b7-905d-29d743afcf31,5,4,1,0,0,0,0,0,0,0,0,3,0,0,0,0,0,0,0,0,5,4,1,0,0,0,0,0,0,0,0,3,0,0,0,0,0,0,0,0
4878512d-af17-491f-aa49-89278c86f5fe,0,1,0,2,0,0,0,0,0,0,3,0,0,0,0,0,5,0,0,4,0,1,0,2,0,0,0,0,0,0,3,0,0,0,0,0,5,0,0,4
6d4a7737-0b28-4841-8a6d-0b37f40cc067,0,4,1,2,3,0,0,0,0,0,0,0,0,0,0,0,0,0,5,0,0,4,1,2,3,0,0,0,0,0,0,0,0,0,0,0,0,0,5,0
ccbd1fc5-0743-4452-85c6-9353fc820901,2,0,5,0,3,0,0,0,0,0,0,0,4,0,0,0,0,0,0,1,2,0,5,0,3,0,0,0,0,0,0,0,4,0,0,0,0,0,0,1
dd498a62-d327-47f4-9fd3-3273afb18449,1,0,3,0,0,4,0,0,0,0,0,0,0,0,0,0,5,2,0,0,1,0,3,0,0,4,0,0,0,0,0,0,0,0,0,0,5,2,0,0
b74bb57f-05b9-4008-ac20-cb86590037a1,0,1,5,0,0,0,0,0,0,0,0,2,4,0,0,0,0,0,3,0,0,1,5,0,0,0,0,0,0,0,0,2,4,0,0,0,0,0,3,0
c3b14362-f914-427d-bb3d-011e1f3b65b7,5,0,0,0,3,0,0,0,0,0,0,1,0,4,0,0,0,2,0,0,5,0,0,0,3,0,0,0,0,0,0,1,0,4,0,0,0,2,0,0
80f08c32-06f8-4eb6-ac00-4cd4068e1a72,0,0,0,0,5,0,0,1,0,0,0,0,4,2,0,0,0,3,0,0,0,0,0,0,5,0,0,1,0,0,0,0,4,2,0,0,0,3,0,0
ee0f96a0-a0b1-4720-b457-28bc9ea754d5,0,0,1,0,4,0,0,0,0,0,0,0,0,0,0,0,0,2,5,3,0,0,1,0,4,0,0,0,0,0,0,0,0,0,0,0,0,2,5,3
6e4a77ee-7b80-40c2-a817-ff0a34192d11,2,3,0,0,0,0,0,0,0,0,0,0,4,0,1,0,0,5,0,0,2,3,0,0,0,0,0,0,0,0,0,0,4,0,1,0,0,5,0,0
46c0f9e3-cdd5-4d0e-8efd-43dbfb0cd6d7,0,0,2,4,0,0,0,0,0,0,1,5,0,0,0,0,0,0,3,0,0,0,2,4,0,0,0,0,0,0,1,5,0,0,0,0,0,0,3,0
f7958091-5b77-407a-af10-3af32b2075f9,2,0,0,3,1,0,0,0,0,0,0,0,0,0,0,0,0,5,4,0,2,0,0,3,1,0,0,0,0,0,0,0,0,0,0,0,0,5,4,0
f9d69dbf-b5a4-4525-a5af-66e062dff3dc,2,0,5,0,1,0,0,0,0,0,0,0,0,4,0,0,0,3,0,0,2,0,5,0,1,0,0,0,0,0,0,0,0,4,0,0,0,3,0,0
5ad3df47-4160-4c4f-b78d-dddff02c3d33,2,1,0,0,5,0,3,0,0,0,0,0,4,0,0,0,0,0,0,0,2,1,0,0,5,0,3,0,0,0,0,0,4,0,0,0,0,0,0,0
6f67c6cc-505d-4470-98ee-02a665eeb1fe,3,2,5,0,0,0,0,0,0,0,4,1,0,0,0,0,0,0,0,0,3,2,5,0,0,0,0,0,0,0,4,1,0,0,0,0,0,0,0,0
91a6de5b-e913-40be-bf7e-da4ab2675dd2,0,0,0,5,0,0,0,0,0,0,0,0,1,0,3,0,4,2,0,0,0,0,0,5,0,0,0,0,0,0,0,0,1,0,3,0,4,2,0,0
318ee235-f30b-4689-a93a-637e6b209c11,5,0,0,4,2,0,0,0,0,0,3,0,0,0,0,0,0,0,1,0,5,0,0,4,2,0,0,0,0,0,3,0,0,0,0,0,0,0,1,0
bf67e668-a56f-4aad-b353-e4fef3a38cec,3,2,0,0,0,0,0,0,0,0,0,0,0,1,0,0,0,4,5,0,3,2,0,0,0,0,0,0,0,0,0,0,0,1,0,0,0,4,5,0
7f04f695-4258-4526-a934-e63a6cfa9879,5,2,0,0,0,0,0,0,0,1,0,0,0,0,0,0,0,4,0,3,5,2,0,0,0,0,0,0,0,1,0,0,0,0,0,0,0,4,0,3
9fdaac08-0974-4b1b-b9c4-241dfba3a606,0,0,1,0,0,0,0,0,0,0,0,4,3,5,2,0,0,0,0,0,0,0,1,0,0,0,0,0,0,0,0,4,3,5,2,0,0,0,0,0
0f48f1ad-da93-4b8e-a772-59381cd864cc,0,0,0,0,5,3,0,0,0,0,0,0,0,0,0,0,4,2,0,0,0,0,0,0,5,3,0,0,0,0,0,0,0,0,0,0,4,2,0,0
3db7b8fc-94b1-49b6-b5b0-8838bef3d9ac,0,0,5,0,4,0,0,0,0,0,0,1,2,0,0,0,0,0,0,3,0,0,5,0,4,0,0,0,0,0,0,1,2,0,0,0,0,0,0,3
4cc4d9a5-b641-4f41-aba6-a1510355a4be,5,2,0,4,0,0,0,0,0,0,0,1,0,3,0,0,0,0,0,0,5,2,0,4,0,0,0,0,0,0,0,1,0,3,0,0,0,0,0,0
f96c7f9d-14e0-44b5-afe1-2b42f8ca3766,5,0,3,0,4,0,0,0,0,0,0,0,0,0,0,0,0,1,2,0,5,0,3,0,4,0,0,0,0,0,0,0,0,0,0,0,0,1,2,0
822af2b4-9f3e-415c-9700-b66faf12631f,5,0,3,2,1,0,0,0,0,0,0,0,0,0,0,0,0,0,4,0,5,0,3,2,1,0,0,0,0,0,0,0,0,0,0,0,0,0,4,0
48f14274-55f4-4a91-80c3-8223ba40479e,0,0,0,5,4,0,0,0,0,0,0,0,0,0,1,0,0,3,2,0,0,0,0,5,4,0,0,0,0,0,0,0,0,0,1,0,0,3,2,0
fb1290a0-73c1-478a-99b5-a6fa535845a6,0,5,0,0,1,0,0,0,0,0,2,3,0,0,0,0,0,0,0,4,0,5,0,0,1,0,0,0,0,0,2,3,0,0,0,0,0,0,0,4
adfb23b4-4238-4c50-933a-35a1e732cc93,0,0,0,0,0,0,4,0,1,0,0,5,2,0,0,3,0,0,0,0,0,0,0,0,0,0,4,0,1,0,0,5,2,0,0,3,0,0,0,0
27cc2d13-3486-4074-8d88-3e86a2bdf35d,0,3,0,4,5,0,0,0,0,0,0,0,0,0,2,0,0,1,0,0,0,3,0,4,5,0,0,0,0,0,0,0,0,0,2,0,0,1,0,0
9bd84310-41f2-4f45-b2ce-241f18ee15b1,5,4,0,0,0,0,0,0,0,0,1,0,0,2,0,0,0,3,0,0,5,4,0,0,0,0,0,0,0,0,1,0,0,2,0,0,0,3,0,0
97a4e248-80ff-4f7a-b5be-62fabe7b0e2f,1,0,3,0,0,0,0,2,0,0,0,5,4,0,0,0,0,0,0,0,1,0,3,0,0,0,0,2,0,0,0,5,4,0,0,0,0,0,0,0
ef35ac76-f1fd-4a07-802d-a2417bd37c28,0,0,0,5,2,0,0,0,1,0,3,0,0,0,0,0,4,0,0,0,0,0,0,5,2,0,0,0,1,0,3,0,0,0,0,0,4,0,0,0
b8c5af2e-859c-4514-acd1-6b55d18b0911,0,0,0,5,0,0,0,0,1,0,0,0,0,0,0,0,0,4,3,2,0,0,0,5,0,0,0,0,1,0,0,0,0,0,0,0,0,4,3,2
1e9199db-247d-4026-8098-8d79b2679c6b,0,5,1,3,0,0,0,0,0,0,0,0,0,0,0,0,0,4,0,2,0,5,1,3,0,0,0,0,0,0,0,0,0,0,0,0,0,4,0,2
c9b6581e-b721-420e-ae84-4771135e408b,0,2,5,4,0,0,0,1,0,0,0,0,0,0,0,0,0,0,3,0,0,2,5,4,0,0,0,1,0,0,0,0,0,0,0,0,0,0,3,0
cb5b89f2-7c70-4206-8149-3ebc70804016,0,0,0,5,1,0,0,0,0,0,0,0,0,4,0,0,0,2,3,0,0,0,0,5,1,0,0,0,0,0,0,0,0,4,0,0,0,2,3,0
600239a7-b078-4204-ae5e-766f3feed864,3,2,4,0,0,0,0,1,0,0,0,0,0,5,0,0,0,0,0,0,3,2,4,0,0,0,0,1,0,0,0,0,0,5,0,0,0,0,0,0
2b577faf-0173-4879-891a-1d07a4f3ea6f,4,0,0,2,0,0,0,0,0,0,3,0,0,0,0,0,0,0,1,5,4,0,0,2,0,0,0,0,0,0,3,0,0,0,0,0,0,0,1,5
33f44fbd-cff7-4561-8bca-5bb75999865a,2,0,0,5,4,0,1,0,0,0,3,0,0,0,0,0,0,0,0,0,2,0,0,5,4,0,1,0,0,0,3,0,0,0,0,0,0,0,0,0
3bd7b070-7b79-42c3-a7cf-2ec46fcc6ba7,5,3,0,0,2,0,0,0,0,0,0,0,1,0,0,0,0,0,4,0,5,3,0,0,2,0,0,0,0,0,0,0,1,0,0,0,0,0,4,0
03d6628c-a436-40d0-9ca6-ce2425a3a4b7,5,4,0,0,1,0,0,0,0,0,0,0,0,0,0,0,0,2,3,0,5,4,0,0,1,0,0,0,0,0,0,0,0,0,0,0,0,2,3,0
4af6a22b-5ad3-482c-9205-67e0eec79ded,0,0,0,5,0,0,0,0,0,0,0,0,0,0,2,0,3,1,4,0,0,0,0,5,0,0,0,0,0,0,0,0,0,0,2,0,3,1,4,0
83bc91e2-79e2-4c45-bd24-a99cadcd15ae,0,5,0,3,0,0,0,0,0,0,0,0,2,4,0,0,0,1,0,0,0,5,0,3,0,0,0,0,0,0,0,0,2,4,0,0,0,1,0,0
787e7099-b86c-4f26-8045-295b948b9c79,5,4,3,2,0,0,0,0,0,0,0,0,0,0,0,0,0,0,1,0,5,4,3,2,0,0,0,0,0,0,0,0,0,0,0,0,0,0,1,0
238265ee-4f1c-4397-b81c-eccf7c8ee0c0,0,0,0,2,0,0,0,1,3,0,4,0,0,0,0,0,0,0,0,5,0,0,0,2,0,0,0,1,3,0,4,0,0,0,0,0,0,0,0,5
59933ef6-2e1d-439a-8c26-b044b5992cc5,0,0,3,0,0,0,0,0,0,0,0,0,1,0,0,0,0,2,4,5,0,0,3,0,0,0,0,0,0,0,0,0,1,0,0,0,0,2,4,5
02d5a9c8-7935-44a2-a312-2292bbe2416a,5,0,0,0,0,0,0,0,2,0,1,0,0,4,0,0,0,0,3,0,5,0,0,0,0,0,0,0,2,0,1,0,0,4,0,0,0,0,3,0
6db9f8f9-b39c-4329-bc55-5786c0fb8036,5,4,0,0,3,0,0,0,0,0,0,0,0,2,1,0,0,0,0,0,5,4,0,0,3,0,0,0,0,0,0,0,0,2,1,0,0,0,0,0
4c0ee1d1-1bde-48b0-b1b5-1041990406b5,1,0,0,0,0,0,0,0,0,0,3,0,0,0,0,0,0,2,4,5,1,0,0,0,0,0,0,0,0,0,3,0,0,0,0,0,0,2,4,5
21bc5efe-4da1-405b-a845-b39e8fb5becc,0,5,0,0,0,0,0,4,0,0,0,0,0,0,2,0,0,0,1,3,0,5,0,0,0,0,0,4,0,0,0,0,0,0,2,0,0,0,1,3
01d451c9-2d37-479a-a7b3-d7ca66e63ab9,4,0,0,5,0,0,2,0,0,0,0,0,0,0,0,1,0,3,0,0,4,0,0,5,0,0,2,0,0,0,0,0,0,0,0,1,0,3,0,0
26f52769-2143-40ab-a298-13bfa41613fa,5,4,1,0,0,0,0,0,0,0,3,0,0,0,0,0,0,0,0,2,5,4,1,0,0,0,0,0,0,0,3,0,0,0,0,0,0,0,0,2
812940db-5068-44b8-a442-5c1c4dac7aae,3,5,0,0,0,0,0,0,0,0,0,0,0,4,0,0,0,2,0,0,3,5,0,0,0,0,0,0,0,0,0,0,0,4,0,0,0,2,0,0
7efc2996-ba0f-4ef8-a69a-57bdf00924c4,0,1,0,0,0,0,0,2,3,0,4,0,0,0,0,0,0,0,0,5,0,1,0,0,0,0,0,2,3,0,4,0,0,0,0,0,0,0,0,5
040c157e-d459-4116-9876-0b527403b874,5,2,0,1,0,0,0,0,0,0,0,0,0,0,0,0,0,0,3,4,5,2,0,1,0,0,0,0,0,0,0,0,0,0,0,0,0,0,3,4
d9013268-49e3-4d87-bd96-9055c39e3d9a,0,0,0,5,3,0,0,0,0,0,0,0,0,4,0,0,0,1,0,2,0,0,0,5,3,0,0,0,0,0,0,0,0,4,0,0,0,1,0,2
0b7d6d7c-adbf-4181-b845-321acf2727dd,1,5,0,0,2,0,0,0,0,0,0,0,0,4,0,0,0,0,0,3,1,5,0,0,2,0,0,0,0,0,0,0,0,4,0,0,0,0,0,3
4b007bdb-a31f-42d1-98f0-36e071e4e148,1,0,2,3,0,0,0,0,0,0,0,0,0,0,0,0,0,0,5,4,1,0,2,3,0,0,0,0,0,0,0,0,0,0,0,0,0,0,5,4
4e8d04d3-2515-4cf7-bc65-6c0f3bfeb569,4,2,0,0,0,0,0,0,0,0,0,0,0,1,0,0,0,3,5,0,4,2,0,0,0,0,0,0,0,0,0,0,0,1,0,0,0,3,5,0
3e9d4f6a-c7a2-48cb-b190-317e3d19f426,3,0,0,5,2,0,0,4,0,0,0,0,0,0,0,0,0,0,0,1,3,0,0,5,2,0,0,4,0,0,0,0,0,0,0,0,0,0,0,1
ff734355-98d4-4810-a3b5-010847d2400e,0,5,4,0,2,0,3,0,0,0,0,0,0,0,0,1,0,0,0,0,0,5,4,0,2,0,3,0,0,0,0,0,0,0,0,1,0,0,0,0
bb8eb243-22b0-41f1-82a3-a2e45d3780d7,1,0,4,0,0,0,0,0,0,0,0,0,0,0,0,0,0,5,3,2,1,0,4,0,0,0,0,0,0,0,0,0,0,0,0,0,0,5,3,2
d8f10078-93de-4e55-8e57-797fdcf0ba77,5,2,4,0,3,0,0,0,0,0,0,0,0,0,0,0,0,1,0,0,5,2,4,0,3,0,0,0,0,0,0,0,0,0,0,0,0,1,0,0
d9d6c35c-5804-4de5-b4a5-3670c4716275,0,0,5,0,0,0,0,0,1,0,0,0,3,0,4,0,0,2,0,0,0,0,5,0,0,0,0,0,1,0,0,0,3,0,4,0,0,2,0,0
e549ec61-6dc3-4e39-bf46-a1b7c9173ad9,0,0,0,0,5,0,0,2,0,0,0,0,0,0,0,0,0,3,0,4,0,0,0,0,5,0,0,2,0,0,0,0,0,0,0,0,0,3,0,4
a30054d3-8098-4b59-b466-371759707716,0,5,0,0,2,0,0,3,0,0,0,0,0,0,0,0,0,1,0,4,0,5,0,0,2,0,0,3,0,0,0,0,0,0,0,0,0,1,0,4
f07b82f6-0044-4c79-b4b3-efd351799931,1,0,0,0,3,0,0,0,0,0,2,0,0,0,0,0,0,5,0,4,1,0,0,0,3,0,0,0,0,0,2,0,0,0,0,0,0,5,0,4
094ed61d-7426-40e5-b1af-2ca349bab695,0,0,0,2,0,4,0,1,0,0,0,0,0,0,3,0,5,0,0,0,0,0,0,2,0,4,0,1,0,0,0,0,0,0,3,0,5,0,0,0
bd2d0241-7b02-4b49-9b5d-68d321d2d238,3,0,0,2,1,0,0,0,0,0,0,0,0,4,0,0,0,5,0,0,3,0,0,2,1,0,0,0,0,0,0,0,0,4,0,0,0,5,0,0
9d023d83-8ccf-4735-b0d9-3b1cd99e8033,3,0,0,0,5,0,0,4,0,0,0,0,0,2,0,0,0,1,0,0,3,0,0,0,5,0,0,4,0,0,0,0,0,2,0,0,0,1,0,0
24b78f59-e836-441f-9b37-2b72ba6d9bf2,2,5,0,0,0,0,0,0,0,0,0,0,1,4,0,0,0,3,0,0,2,5,0,0,0,0,0,0,0,0,0,0,1,4,0,0,0,3,0,0
17564219-5c63-4726-98a0-253e6769ef3d,0,0,0,3,0,2,0,0,0,0,1,0,0,0,4,0,5,0,0,0,0,0,0,3,0,2,0,0,0,0,1,0,0,0,4,0,5,0,0,0
11888fbb-6014-46e4-8062-27ee937b1ffb,3,0,0,0,0,0,0,2,0,0,4,0,0,1,0,0,0,5,0,0,3,0,0,0,0,0,0,2,0,0,4,0,0,1,0,0,0,5,0,0
acf9bbd7-28b6-4ca6-a61d-d2fcfb0e0746,0,2,0,0,0,0,0,0,0,0,0,0,1,3,0,0,0,0,4,5,0,2,0,0,0,0,0,0,0,0,0,0,1,3,0,0,0,0,4,5
ff02ab6d-3b1a-4095-a6aa-e6e39412c1d4,0,4,2,5,0,0,0,0,0,0,0,0,0,0,3,0,0,1,0,0,0,4,2,5,0,0,0,0,0,0,0,0,0,0,3,0,0,1,0,0
78816a0d-0ca8-4b6b-8657-9f8e22639041,0,0,5,0,0,0,3,0,0,0,0,0,0,0,0,2,0,4,0,1,0,0,5,0,0,0,3,0,0,0,0,0,0,0,0,2,0,4,0,1
b1f57056-3788-49fc-9665-79d671ef9bbe,0,2,0,4,0,0,0,0,0,0,1,0,0,0,0,0,0,5,3,0,0,2,0,4,0,0,0,0,0,0,1,0,0,0,0,0,0,5,3,0
7e378700-c158-4fdb-ad71-0789bcfad685,0,5,0,0,3,0,1,0,2,0,0,0,0,0,0,0,0,0,4,0,0,5,0,0,3,0,1,0,2,0,0,0,0,0,0,0,0,0,4,0
48a2726e-d88f-4b5f-9aec-7b4131d5de35,0,0,0,5,4,0,0,0,2,0,3,0,1,0,0,0,0,0,0,0,0,0,0,5,4,0,0,0,2,0,3,0,1,0,0,0,0,0,0,0
23deb84a-8d64-4fdd-b269-91c650a44b00,0,0,5,3,2,0,0,0,0,0,0,0,0,0,0,0,1,0,0,4,0,0,5,3,2,0,0,0,0,0,0,0,0,0,0,0,1,0,0,4
